Speaker_ID,Speaker_name,Speaker_party_name,Speaker_gender,Speaker_birth,Stance,Relevant_Speech
StefanovićNebojša,"Stefanović, Nebojša",Srpska napredna stranka,M,1976,NEUTRALNO,"Dakle, popisi koji važe za ministarstvo a koji nisu sadržani samo u ovom zakonu, već i u zakonu, direktor je državni službenik na položaju, zato gospodin Rebić danas može da bude vršilac dužnosti a da to čak nije predviđeno „leks specijalisom“ jer je predviđeno Zakonom o državnim službenicima i nameštenicima i vi imate propis koji se shodno primenjuje."
VukićVanja,"Vukić, Vanja",Socijalistička partija Srbije,M,1978,ZA,"Novi zakon o policiji o kome danas raspravljamo, na jedan opšti način reguliše ovu oblast, pa je zato neophodno doneti poseban zakon koji će preciznije regulisati ovu kompleksnu oblast, kako bi se ti podaci koji su skupljeni, na ovaj način mogli da se skladište."
VučkovićNataša,"Vučković, Nataša",Demokratska stranka,F,1967,NEUTRALNO,"Poverenik je predlagao pre dve godine da se o bezbednosnoj proveri donese poseban zakon za sve one koji podležu bezbednosnoj proveri, i to bi bilo mnogo bolje rešenje."
BradićBlagoje,"Bradić, Blagoje",Zajedno za Srbiju,M,1955,PROTIV,"Mi u Nišu kad nešto radimo, radimo iz gradskog budžeta ili raspišemo samodoprinos, za razliku od vas koji to radite „leks specijalisom“ iz republičkog budžeta."
StefanovićNebojša,"Stefanović, Nebojša",Srpska napredna stranka,M,1976,ZA,"Jeste napravljen „leks specijalis“ ali koji će omogućiti prevazilaženje različitih birokratskih i administrativnih problema, da ljudi u Beogradu ne budu taoci toga što su sve vlasti pre toga bežale kao đavo od krsta za rešavanje bilo čega."
DačićIvica,"Dačić, Ivica",Socijalistička partija Srbije,M,1966,NEUTRALNO,"Inače, ovaj zakonski predlog je leks specialis, a koji će se primenjivati i u vezi sa Zakonom o izvozu i uvozu naoružanja i vojne opreme, Zakonom o izvozu i uvozu robe dvostruke namene i drugim zakonima iz ove oblasti."
JovanovićNeđo,"Jovanović, Neđo",Socijalistička partija Srbije,M,1962,PROTIV,"Da li ćemo primenjivati neku od ovih mera, da li će to biti prekid diplomatskih odnosa, da li će to biti potpuni ili delimičan prekid ekonomskih i finansijskih odnosa, prekid saobraćaja, zabrana trgovine, zabrana ulaska na teritoriju Republike Srbije, raspolaganje imovinom koje, zarad građana moramo reći, u ovoj situaciji predstavlja zaista leks specijalis, zbog toga što je po našem Ustavu, zbog toga što je po našem Zakonu o osnovama svojinsko-pravnih odnosa pravo svojine apsolutno i neprikosnoveno pravo, ali kad je u pitanju međunarodni interes i interes Republike Srbije u međunarodnim okvirima, ono se mora ograničiti i ograničava se upravo shodno tim međunarodnim dokumentima."
PastorBalint,"Pastor, Balint",Savez vojvođanskih Mađara,M,1979,NEUTRALNO,"Jedino je nejasno da li će se doneti poseban zakon na osnovu ove evropske konvencije koja će postati deo našeg pravnog sistema ili će se ta konvencija neposredno primenjivati i jedino će biti neophodno da Vlada da saglasnost na prekograničnu saradnju i naših lokalnih samouprava, opština i gradova iz Republike Srbije."
TomićAleksandra,"Tomić, Aleksandra",Srpska napredna stranka,F,1969,NEUTRALNO,"Kao što ste dobro rekli, to je jedan leks specijalis koji se odnosi i na Krivični zakon za one koji se ogreše."
GojkovićŽika,"Gojković, Žika",Srpski pokret obnove,M,1972,NEUTRALNO,"Opšti režim zakona kojim se regulišu radni odnosi, ovim zakonom je kao „leks specijalis“ za sport prilagođen realnim potrebama i specifičnostima sporta."
BauerIvan,"Bauer, Ivan",Socijaldemokratska partija Srbije,M,1967,ZA,"Dakle, ovaj zakon predstavlja, nisam pravnik ali se toliko razumem u pravo, neku vrstu leks specijalisa, ali u najpozitivnijem značenju tog izraza. Jeste tačno da je jedan deo ovih zahteva već rešen individualno, na osnovu Zakona o vraćanju oduzete imovine i obeštećenju, ali sam siguran da će priličan broj zahteva biti rešavan i po ovom zakonu koji smo danas doneli, po ovom zakonu, ponavljam, leks specijalisu, ali u najpozitivnijem značenju tog izraza."
BradićBlagoje,"Bradić, Blagoje",Zajedno za Srbiju,M,1955,ZA,"Ja bih predložio ovoj Vladi, gospodinu Vučiću ako želi da prihvati moj predlog, pošto od ove isplate koliko vidim nema ništa, da ova Skupština donese leks specijalis kojim će se omogućiti cesija između javnih preduzeća, komunalnih preduzeća, poverilaca, onih koji su dužni i države koja duguje tim ljudima koji duguju javnim preduzećima, kako bi bar se odbranili od moguće zaplene sudskih izvršitelja, onoga što im je još ostalo od pokućstva i nameštaja. Molim narodne poslanike, ako smo mogli da ekspresno izglasamo leks specijalis za „Beograd na vodi“, gde se privatna imovina oduzima da bi se dala drugom privatniku da pravi profit, onda možemo da izglasamo leks specijalis kojim ćemo omogućiti da ljudi mogu da plate potraživanja prema javnim preduzećima i komunalnim preduzećima od onog novca koji im duguje država, a koja je u suštini osnivač javnih preduzeća i komunalnih preduzeća preko lokalnih samouprava."
ĐurišićMarko,"Đurišić, Marko",Socijaldemokratska stranka,M,1968,ZA,"Nevezano sada sa tim, mislimo da je sam ovaj zakon leks specijalis i da je moglo, po našem mišljenju, ovim zakonom direktno uvesti tu mogućnost i pozvati se prilikom overe potpisa kod javnih beležnika na mogućnost koju ovaj zakon sada uvodi u pristupu kod potpisivanja kod javnih organa, znači pri opštinama, bankama i drugim institucijama."
JovanovićNeđo,"Jovanović, Neđo",Socijalistička partija Srbije,M,1962,ZA,"Što se tiče zakona koji se odnosi na „Železaru Sartid“, uvaženi ministre Sertiću, tu imate punu podršku, bezrezervnu, snažnu podršku, bez obzira što se radi o jednom klasičnom leks specijalis zakonu. Jedino što kao pravnik moram da istaknem, jeste da ne bi bilo dobro da u odnosu na neke druge situacije imamo jednu takvu vrstu pristupa da leks specijalisima definišemo svako pojedino pitanje, odnosno neuralgičnu tačku tako rešavamo, ali je ova morala biti rešena na ovaj način i dobro je što je rešavate na ovaj način."
SertićŽeljko,"Sertić, Željko",Srpska napredna stranka,M,1967,ZA,"Ovim zakonom, ovim leks specijalisom, samo ubrzavamo proces za koji bi nam po redovnoj proceduri trebalo godinu do godinu i po dana, zbog kompleksnosti, zbog vrlo specifičnog položaja, „Železara“ nije zgrada, nije običan pogon za proizvodnju, vrlo specifičan."
TomićAleksandra,"Tomić, Aleksandra",Srpska napredna stranka,F,1969,NEUTRALNO,"„leks specijalis“, jer ukoliko bi hteli da primenimo zakon koji smo nedavno usvojili o ozakonjenju građevinskih objekata, onda bi taj postupak trajao minimum godinu i po dana."
BlažićBranislav,"Blažić, Branislav",Srpska napredna stranka,M,1957,PROTIV,"Suština naših zamerki je leks specijalis. Ovde treba da radi „Železara“, ali na ovaj način, leks specijalisom. Koji je sledeći leks specijalis, za šta? Doći će druga Vlada, pa ćete videti kako ova država može da se vodi i bez leks specijalisa."
BradićBlagoje,"Bradić, Blagoje",Zajedno za Srbiju,M,1955,PROTIV,"Ovo je još jedan zakon u nizu leks specijalis. Zbog toga mislim da ovaj zakon nije dobar, da to treba da ide sve kroz normalne tokove i da se ispoštuju zakoni koji su usvojeni u ovoj Skupštini iz raznih oblasti koje poništava ovaj leks specijalis."
MarinkovićMiroslav,"Marinković, Miroslav",Socijaldemokratska stranka,M,1961,PROTIV,"Znači, kada vi, kao ministarstvo i Vlada, dajete predlog zakona koji neka je i leks specijalis, predlažete da se deragiraju postojeći zakoni, meni nije jasno uopšte na koji način bi smo mi kao narodni poslanici koji donose te zakone mogli da glasamo za ovakv član zakona i šta to predstavlja. Mislim da je vrlo bitno za građane Srbije da znaju da će verovatno možda u nekom trenutku postojati mogućnost i za onih milion i po ljudi koji nisu svoje građevinske objekte ozakonili, da je moguće da će moći korišćenjem ovakvog jednog rešenja leks specijalis u određenim uslovima, pa bilo to pored reke ili u nekim zaštićenim zonama moći na osnovu jednog zakona leks specijlais, znači ovakvog načina, razmišljanja da dobiju."
MarkovićJovan,"Marković, Jovan",Demokratska stranka,M,1972,NEUTRALNO,"Mislim da je jasan motiv i namera ovoga što ste vi hteli da postignete da ovaj zakon bude zaista leks specijalis, ali da je negde negiranje svih ostalih procedura i zakona dovelo u pitanje da li je ovaj zakon dovoljno dobar, kvalitetan i obuhvatan da rešite problem na način na koji ste to zamislili."
MarkovićJovan,"Marković, Jovan",Demokratska stranka,M,1972,NEUTRALNO,"Čak mi je bilo i logičnije da se kroz ovaj leks specijalis zakona obrazuje posebno telo koje će raditi na ovim poslovima imajući u vidu da je potrebno vreme, odnosno da je vreme ključni faktor zbog čega ste išli sa ovim konceptom, možda je onda bilo potrebno da se van ministarstva obrazuje posebno telo koje će ubrzati sve ove procedure i koje će se starati o tome da svi nadležni organi i da svi pojedinci u lancu upravljanja donose što kvalitetnije i što brže odluke."
SertićŽeljko,"Sertić, Željko",Srpska napredna stranka,M,1967,ZA,"Ovo je leks specijalis isključivo za imovinu „Železare“ kako bismo mogli da sprovedemo proces do kraja na efikasan način, koji će nam omogućiti brz upis svih drugih prava koja postoje."
SertićŽeljko,"Sertić, Željko",Srpska napredna stranka,M,1967,ZA,Član 13. je srce samog zakona i leks specijalis upravo to i znači da derogira određene članove nekih drugih zakona kako bi se postigao efekat.
SertićŽeljko,"Sertić, Željko",Srpska napredna stranka,M,1967,NEUTRALNO,"Poštovani poslanici opozicije, vi ste u svih 14 članova ovog kratkog zakona leks specijalisa namenjenog „Železari“ izražavali svoju bojaznost, strahove od nekih zloupotreba, manipulacija, verovatno na bazi svega onoga što se dešavalo u prošlosti i svega onoga što su vaše kolege učinile u prethodnim godinama i ostavile razorenu privredu i zaista katastrofalno stanje u ekonomiji naše zemlje."
ĐurišićMarko,"Đurišić, Marko",Socijaldemokratska stranka,M,1968,PROTIV,"Ako ti zakoni nisu dobri, hajde da ih menjamo, nemojmo da rešavamo probleme leks specijalise."
ĐurišićMarko,"Đurišić, Marko",Socijaldemokratska stranka,M,1968,PROTIV,"Nije rešenje „Železare“ i drugih privrednih problema tako što će Vlada u minut do dvanaest, ili u ovom slučaju u pola šest ujutru, da dođe sa zakonom leks specijalisom i da derogira zakone koji važe u Republici Srbiji."
ĐurišićMarko,"Đurišić, Marko",Socijaldemokratska stranka,M,1968,PROTIV,"To je bolje nego ovaj leks specijalis, jer ovo tera, možda ćete rešiti ovaj problem, ali ćete otvoriti mnoge druge probleme."
ĐurišićMarko,"Đurišić, Marko",Socijaldemokratska stranka,M,1968,PROTIV,"Gospodine ministre, mi smo i u načelnoj raspravi u ono malo vremena koliko smo imali, s obzirom da je bila spojena rasprava o 14 tačka dnevnog reda, rekli i istakli da je ovaj zakon izuzetno štetan i da usvajanje može da ima nesagledive loše posledice i po sudbinu Železare i po pravni sistem RS jer je ovo još jedan leks specijalis, još jedan poseban zakon u kome se derogiraju važeći zakoni i procedure koje ovaj zakon praktično derogira sada i on u svom naslovu kaže da je Predlog zakona o sticanju prava svojine na zemljištu, objektima, vodovima Privrednog društva za proizvodnju i preradu čelika Železara Smederevo D.O.O."
ĐurišićMarko,"Đurišić, Marko",Socijaldemokratska stranka,M,1968,NEUTRALNO,Ova Vlada za sve probleme ekonomske nudi leks specijalis.
MarinkovićMiroslav,"Marinković, Miroslav",Socijaldemokratska stranka,M,1961,PROTIV,"Amandmanom se predlaže preciziranje člana 34. tako što predlažemo da se uputi na primenu Zakona o radu, a ne na primenu posebnog zakona, jer to nije dovoljno precizno i otvara mogućnost za različito tumačenje i pored toga mogućnosti za uređivanje pitanja stavi nekom budućem leks specijalisu."
ĐurišićMarko,"Đurišić, Marko",Socijaldemokratska stranka,M,1968,PROTIV,"Ova sednica treba na neki način, pretpostavljam, da bude jedan pregled šta je urađeno u nešto manje od dve godine koliko ovaj saziv radi, sam premijer je o tome govorio, govoreći o brojnim zakonima koji su ovde usvojeni, zbog kojih je on srećan i ponosan, ali ja mogu da kažem da je zbog velikog broja tih zakona građanima Srbije danas lošije nego što je to bilo pre dve godine, počevši od Zakona o radu o kojem je govorio premijer, zatim o Zakonu o smanjenju penzija, Zakonu o smanjenju plata i brojnim drugim reformskih ili ne reformskim zakonima, o brojnim leks specijalisima koje smo donosili ovde u prethodne dve godine, koji su umanjili pravnu sigurnost i smanjili broj investitora koji dolaze u Srbiju."
BožovićBalša,"Božović, Balša",Demokratska stranka,M,1983,PROTIV,"Nakon svih zakona koji su usvojeni, leks specijalisa, Zakona o planiranju i izgradnji, Zakona o konverziji, parlament je češće služio kao paravan da nekolicina ne završi u zatvoru, nego kao politička institucija koja je radila u interesu građana koji su dobili ovde svoje legitimno izabrane predstavnike."
ĐurišićMarko,"Đurišić, Marko",Socijaldemokratska stranka,M,1968,PROTIV,Tražimo da se iz ovog zakona izbaci donošenje novih posebnih zakona jer ovaj sam zakon po sebi je leks specijalis i donošenje novih leks specijalisa je loše.
ŽivkovićZoran,"Živković, Zoran",Nova stranka,M,1960,PROTIV,"Bez toga mi ćemo biti zemlja gde neće biti investicija, kao što ih nema ni dan danas, osim ako se te investicije mahom ne oslanjaju na rupe u zakonu, na leks specialisima, na posebnim uslovima za posebne ljude koji su u posebnim odnosima sa nekim posebnim funkcionerima ove države koji nisu prošli lekarski pregled."
BožovićBalša,"Božović, Balša",Demokratska stranka,M,1983,PROTIV,"Leks specijalis jeste čedo međudržavnog sporazuma između Srbije i Ujedinjenih Arapskih Emirata koji služi da bi se tajkuni iz Ujedinjenih Arapskih Emirata dodatno obogatili na račun resursa i imovine građana Srbije. Kada se u ugovoru koji je proistekao iz leks specijalisa utvrdi na koliko godina se gradi ovaj projekat i podeli se ta suma sa 30 godina, Beograd i Srbija godišnje ima od zajedničkog preduzeća „Beograd na vodi“ svega pet miliona evra. Dakle, leks specijalis mora da se stavi van snage, zato što mi želimo da živimo u jednoj uređenoj zemlji, u uređenom društvu gde vlada vladavina prava, a ne vladavina nekoliko ljudi koji će dozvoliti da neko izgradi šoping mol, hotel i kafanu i to proglasiti javnim interesom."
BožovićBalša,"Božović, Balša",Demokratska stranka,M,1983,PROTIV,"Mislim da je veoma važno da se naglasi da je Sporazum omogućio donošenje leks specijalisa i Ugovora o „Beogradu na vodi“ zato što je povlastio određenu grupu ljudi koja se našla u boljem položaju nego svi ostali građani Srbije da ne samo grade na području Savskog amfiteatra, već da imaju mogućnost i kada je u pitanju poljoprivredno zemljište u Srbiji da ga dobijaju po beneficiranim uslovima na dugoročni zakup, bez tendera, bez javnog poziva, da nemamo javne konkurse za idejna rešenja."
KrasićZoran,"Krasić, Zoran",Srpska radikalna stranka,M,1956,NEUTRALNO,"Kod ovog zakona to očigledno nije moguće zato što je po samoj definiciji ovo poseban zakon ili, da budem precizniji, zakon za poseban slučaj. Zato što naša sudska praksa može da uzme ovo tumačenje pa da ga ne protumači da je za ovaj leks specijalis, nego za sve situacije kada dođe do nejasnoće uzrokovane time šta je stvarna službenost, šta je lična službenost, šta je ugovorena službenost, šta je zakonska službenost, a pogotovo šta su stvarni tereti. Bukvalno rečeno, član 6. otvara kompletno problem ovih pravnih principa, a do toga se došlo pre svega zato što kada se pravi poseban zakon, onda se ide sa restriktivnim pristupom, da samo ono što je izuzetak ulazi u zakon, da se ne remete ona opšta pravna načela. Donosili ste poseban zakon da navučete tog investitora, doneli ste taj zakon, a onda kažete - e, moramo da se sretnemo ali nećemo da menjamo zakon, nego da damo autentično tumačenje."
MacuraTatjana,"Macura, Tatjana",Dosta je bilo,F,1981,PROTIV,"Zbog toga Vlada Republike Srbije primenjuje sve njoj dostupne metode ne bi li osigurala svoje pozicije i pozicije svojih poslovnih partnera, odnosno koristi donošenje zakona po hitnom postupku, koristi autentična tumačenja leks specijalisa i slično."
RadulovićSaša,"Radulović, Saša",Dosta je bilo,M,1965,PROTIV,"Što se tiče samog ugovora on praktično pokazuje svima nama i građanima Srbije da u Srbiji sistema nema, da se donose „leks specijalis“ zakoni za svaki pojedinačni slučaj kada vlast hoće nešto da reši, u ovom slučaju imamo za Železaru Smederevo, „leks specijalis“ imamo za „Beograd na vodi“, znači, gde god se nešto pojavi investitor dobija svoj zakon. Poruka koju šaljemo malim i srednjim preduzećima je vidite ovih 450 miliona evra ukupnog gubitka koji će morati da preuzme Republika Srbija, zbog načina na koji je Vlada odlučila da radi restrukturiranje i donosi ovaj „leks specijalis“, je da ovaj novac je otprilike nekih 10% smanjenja poreskih zahvatanja, koja bi moglo umesto ovakvih egzibicija da se u stvari uvede red u Republici Srbiji. Nažalost, naša privreda propada, imamo ovakve „leks specijalis“ zakone koji pokušavaju da rešavaju ovako nešto, u stvari su sami po sebi definicija pravne nesigurnosti. To je najgora poruka koju šaljemo sa svakim „leks specijalis“ zakonom."
RadulovićSaša,"Radulović, Saša",Dosta je bilo,M,1965,PROTIV,"Pošto sistemski nijedna vlast nije bila u stanju da reši ovaj problem i da dobijemo sistemsko rešenje, ovde se pribegava ovim leks specijalis rešenjima, gde za svaki pojedinačni slučaj vlast koja nije u stanju da napravi sistem donosi zakon koji se odnosi samo na taj specifičan slučaj. „Beograd na vodi“, drugi primer je Železara... Nijedan ovakav leks specijalis ne rešava problem, nego pravi problem još većim.. Ovakvi leks specijalis zakoni u stvari i govore da država priznaje da nema sistem i da nije u stanju da uvede red. To je očigledno nešto što Vlada, ne samo ova, nego sve kada ih gledamo unazad, nije u stanju da uradi, nego poseže za nekim leks specijalis rešenjima."
RadulovićSaša,"Radulović, Saša",Dosta je bilo,M,1965,NEUTRALNO,"Danas imamo na dnevnom redu još jedan predlog zakona koji je vrlo sličan predlogu koji smo imali juče, a u smislu da je to jedan leks specijalis koji se donosi samo za jednu namenu. Za svaki projekat je Srbiji potreban jedan poseban zakon i poseban način da se stvari urede."
RakićKatarina,"Rakić, Katarina",Srpska napredna stranka,F,1979,NEUTRALNO,"Znači, danas se na dnevnom redu ne nalazi ni leks specijalis, ni nešto što je slično autentičnom tumačenju nekog određenog člana zakona."
RakićKatarina,"Rakić, Katarina",Srpska napredna stranka,F,1979,NEUTRALNO,"Naravno da ovo nije komercijalni sporazum, naravno da ovo nije leks specijalis, naravno da nije ovo autentično tumačenje, ali sada se ovde već radi i o elementarnom nepoznavanju onoga što bi trebalo da ima neko ko je narodni poslanik."
TepićMarinika,"Tepić, Marinika",Stranka slobode i pravde,F,1974,NEUTRALNO,"Ono što je nama takođe ostalo kao otvoreno pitanje, a prosto koristim priliku što ste tu i što su se pominjala i pregovaračka poglavlja i transparentnost u oblasti finansija i javni tenderi itd, koristim priliku da vas pitam šta uopšte znači ovaj leks specijalis u pitanju transparentnosti, koja je takođe upitna za nas iz LSV u zakonu o potvrđivanju sporazuma o saradnji između dveju vlade, koji je osnov za sve posledične …"
NikolićDejan,"Nikolić, Dejan",Demokratska stranka,M,1979,NEUTRALNO,Sećate se leks specialisa iz 2012. godine. Leks specialisom smo ih zadržali tamo.
ĐorđevićZoran,"Đorđević, Zoran",Srpska napredna stranka,M,1970,NEUTRALNO,"Napravili smo jedan leks specialis da smo im produžili do 48 godine, ali mislim da je to samo još gora situacija za njih."
KuburovićNela,"Kuburović, Nela",Srpska napredna stranka,F,1982,ZA,"Moram da kažem da je upravo ova Vlada prvi put pokazala spremnost da donese takav jedan predlog i da sa njim izađe u javnost s obzirom da, dok ste bili na vlasti sve se završavalo na organizovanju anketnih odbora, preporukama, utvrđivanjem da je bilo nekakvih nepravilnosti koje apsolutno nisu otklonjene, tako da smo došli u situaciju da se podnese predstavka protiv Srbije Evropskom sudu za ljudska prava, koji je naložio da taj problem mora da se reši donošenjem lex specialisa i Ministarstvo pravde je pokazalo veliku spremnost da to uradi, tako da se nadam da ćemo i o tom zakonu uskoro raspravljati."
KonstantinovićNenad,"Konstantinović, Nenad",Socijaldemokratska stranka,M,1973,NEUTRALNO,"Prvo, ovaj zakon je leks specijalis u odnosu na Zakon o uređenju sudova zato što se odnosi na organizaciju i nadležnost državnih organa u suzbijanju organizovanog kriminala, terorizma i korupcije."
StevanovićAna,"Stevanović, Ana",Dosta je bilo,F,1984,NEUTRALNO,Posebno zbog razloga zato što se Zakon o budžetu može smatrati za leks specijalis u odnosu na izvršenje budžetskih rashoda i prihoda.
ObradovićBoško,"Obradović, Boško",Srpski pokret Dveri,M,1976,PROTIV,"Kada su se donosili leks specijalisi o „Beogradu na vodi“, kada se pravio puč izgradnje jednog, ne znam već kakvog poslovnog poduhvata, za koji nije imalo nikakvih zakonskih ni bilo kakvih drugih osnova da se na taj način radi, Ustavni sud je, naravno, opet ćutao."
ObradovićBoško,"Obradović, Boško",Srpski pokret Dveri,M,1976,PROTIV,"Dobar kandidat za sudiju Ustavnog suda je sadašnji predsednik Ustavnog suda, koji je ćutao i ništa nije radio po ključnim pitanjima i to razumem zašto je on za vas dobar kandidat, jer je ćutao kada je trebalo oceniti ustavnost i briselskih sporazuma, i pljačke penzionera kroz smanjenje penzija, i „leks specijalis“ o „Beogradu na vodi“."
AleksićMiroslav,"Aleksić, Miroslav",Nova Srbija,M,1978,PROTIV,"Vi sada ovim lex specialis-om, zapravo, oduzimate nadležnosti tom preduzeću koje je Vlada oformila, odnosno u nekom delu ovog zakona vi tretirate da će i to preduzeće Aerodromi Srbije imati neku ulogu, ali suština je da se ovde nekim partnerima omogućava da oni uđu u posed i upravljanje određenim aerodromima. Dakle, da li će ti ljudi biti kod novog poslodavca, da li će zadržati svoj posao, da li će on sve njih otpustiti, da li će smanjiti broj radnika i zapravo to su pitanja koja su potpuno otvorena, naročito vezano za aerodromski kompleks i ne mogu ništa drugo da kažem, nego da se tu kriju neke skrivene namere, kao što smo već imali prilike da vidimo sa prethodnim zakonima, prethodnim lex specialis, gde opet napominjem primer najadekvatniji za to je Beograd na vodi, koga otprilike finansiraju građani Republike Srbije i projekat koji se predstavljao kao razvojni projekat Srbije."
StevanovićAna,"Stevanović, Ana",Dosta je bilo,F,1984,NEUTRALNO,Nije logično da jedan leks specijalis ne reguliše sva pitanja i da opštom odredbom upućuje na primenu drugih zakona.
KrasićZoran,"Krasić, Zoran",Srpska radikalna stranka,M,1956,PROTIV,"Znači, napravili ste nešto što bi trebalo da bude leks specijalis, a on je leks konfuzija."
KrasićZoran,"Krasić, Zoran",Srpska radikalna stranka,M,1956,PROTIV,"Zato nisu potrebni ovakvi leks specijalis nerazumni propisi, nego su potrebni jasni propisi i jasna odgovornost države za sve ovo što treba da funkcioniše."
ČomićGordana,"Čomić, Gordana",Demokratska stranka,F,1958,PROTIV,"Nemam ništa protiv da se ima strategija kojom će se iz mnogih zakona pokupiti odredbe u pokušaju da se napravi jedan kič leks specijalis. Imali smo mi ovde i originalni leks specijalis, kada se izgradnja „Beograda na vodi“ na silu proglasila javnim interesom. Dakle, ovde u želji da ovo ne bude pravi zakon umesto leks specijalisa, vi uvodite ko može da podnese predlog za eksproprijaciju i šta posle sa tim predlogom biva."
ČomićGordana,"Čomić, Gordana",Demokratska stranka,F,1958,PROTIV,"Ovaj član, koji ja smatram neminovnim kad se pravi ovakav kič leks specijalis, je povod da prvo, kao i sve ostalo, tražim da ovaj zakon i ne stupi na snagu i da ga nema, da se po postojećem Zakonu o koncesiji rade poslovi, pokazuje da ne poštujemo ni mi iz Skupštine svoje sopstvene akte."
ĐurišićMarko,"Đurišić, Marko",Socijaldemokratska stranka,M,1968,PROTIV,"To je jedan lex specialis koji vi krijete i punite ga nekim stavovima, prepisujete iz drugih zakona, da bi on izgledao kao zakon."
PavlovićSonja,"Pavlović, Sonja",Dosta je bilo,F,1957,PROTIV,"Neki investicioni projekat se proglasi kao javni interes, sve se to pokrije lex specialis-om, urbanistički planovi se prilagode novoj nameni građevinskog zemljišta, isele se lica bez obzira da li su objekti u procesu legalizacije ili ne."
AntićAleksandar,"Antić, Aleksandar",Socijalistička partija Srbije,M,1969,NEUTRALNO,"U decembru 2015. godine ova Vlada, da bi zaštitila građane Srbije, uzimajući u obzir njihov socijalno-ekonomski položaj, donosi ovaj leks specijalis i ovim leks specijalisom definiše da ta taksa može biti maksimalno 150 dinara i opredeljuje da će razlika biti dotirana iz budžeta Republike Srbije."
ArsićVeroljub,"Arsić, Veroljub",Srpska napredna stranka,M,1969,ZA,"Rešava probleme, pa neka rešava i leks specijalisom, za razliku od drugih prethodnih Vlada do 2012. godine koje su pravile probleme, pa smo te probleme nasledili i treba da ih rešavamo. Znate li koliko koga briga ako može da sačuva radno mesto i egzistenciju svoje porodice da li je to leks specijalis ili drugi, opšti zakon, baš ga mnogo briga."
ĐurišićMarko,"Đurišić, Marko",Socijaldemokratska stranka,M,1968,NEUTRALNO,"Ali ovaj zakon je inače lex specialis, zato što stavlja van snage nekoliko odredbi Zakona o javnim medijskim servisima. Znači, ne utvrđuje više upravni odbor, ni u 2016. godini, a sada kada produžimo važenje ovog zakona ni u 2017, ni u 2018. godini i suspendujemo taj zakon, ovim lex specialis."
ĐurišićMarko,"Đurišić, Marko",Socijaldemokratska stranka,M,1968,PROTIV,"Ona je napisala da je ovo leks specijalis, da je ovaj zakon leks specijalis i pošto ova Vlada, nažalost, probleme rešava leks specijalisom i tom vrstom zakona, znači ne pravljenjem jednog predvidivog pravnog sistema u kome će i građani i investitori i domaći i strani znati šta može da ih očekuje, kakve obaveze, nego rešava probleme leks specijalisima. Tako i ovaj sada problem, nažalost, pokušava da reši leks specijalisom. Ovo jeste stari dug i sigurno bi rešavanje ovog pomoglo „Petrohemiji“ da lakše posluje u budućnosti, ali putem leks specijalisa se ne radi. Imali smo leks specijalis i imamo ga danas za projekat „Beograd na vodi“. Imamo leks specijalise u raznim drugim slučajevima."
BožovićBalša,"Božović, Balša",Demokratska stranka,M,1983,PROTIV,"Dakle, da li će i ovo uzajamno ulaganje koštati građane Republike Srbije, kojima su smanjene i plate, kojima su smanjene penzije, na sledeći način da ćemo opet imati neko zajedničko preduzeće ili možda neki poseban zakon, leks specijalis, po kojem će neko doći u našu zemlju, dobiti sve besplatno, zemljište, komunalno opremanje tog zemljišta, a s druge strane, investiciju naći iz džepova osiromašenih građana tako što ćemo kao i za „Beograd na vodi“ imati zajedničko preduzeće, gde je Srbija vlasnik svega 32%, a „Igl hils“ 68%, iako Srbija ulaže milijarde evra posredno ili neposredno, a „Igl hils“ ulaže svega 150 miliona evra zajedničkog kredita?"
BožovićBalša,"Božović, Balša",Demokratska stranka,M,1983,PROTIV,"Dakle, u pitanju je lex specialis čuveni, koji je usvojila Narodna skupština Republike Srbije mimo zakona i Ustava, mimo sistemskih zakona i mimo Ustava Republike Srbije. Danas nemamo novca za lečenje, već se to radi putem SMS-a, a sa druge strane, Srbija kroz zajedničko preduzeće „Beograd na vodi“ ulaže na stotine i stotine miliona evra, kroz zemljište i materijalne resurse na milijarde evra i onda pitam – gde je tu tačno javni interes, što je bila osnova da bi se usvojio lex specialis? Iz tog razloga mi predlažemo da Skupština raspravlja o lex specialis. Nakon lex specialis, kao što i sami znate, mi smo pisali razne krivične prijave za one koji su potpisivali ugovor o izgradnji „Beograda na vodi“, koji imaju direktan uticaj i direktnu korist."
BožovićBalša,"Božović, Balša",Demokratska stranka,M,1983,PROTIV,"Suština ovog zakona jeste da je on prethodio ugovoru, odnosno „leks specijalis“ i ugovoru na kraju ovog „Beograd na vodi“ i hoćemo državu koja radi za sve u ovoj zemlji, za sve njene građane, za sve naše građane. Zašto domaći privrednici Srbije ne bi imali istu ovakvu mogućnost kao što imaju neki vaši prijatelji iz UAE i zato je strašno važno da ovaj zakon stavimo van snage i da ukinemo i onda da ukidamo i „leks specijalis“ i onda da ukinemo i Ugovor o „Beogradu na vodi“, jer to su projekti koji isključivo postoje da bi nekolicina zarađivala, a da sve to građani svojim smanjenim platama i penzijama plate."
ŽivkovićZoran,"Živković, Zoran",Nova stranka,M,1960,PROTIV,"Ako možete da date priobalje beogradsko po leks specijalisu, ako možete da date desetine hiljada hektara dogovorom „Tenisa“ i Vučića, dogovorom nekog Arapina i Vučića, onda to nije atmosfera i ambijent u kojem možete da gradite ni primarnu poljoprivrednu proizvodnju, a kamo li onaj sekundarni deo – gotov proizvod."
BožovićBalša,"Božović, Balša",Demokratska stranka,M,1983,PROTIV,"U pitanju je leks specijalis. Ne bih da zvučim neskromno, ali sam ponosan na to što je poslanički klub Demokratske stranke, zajedno sa još nekolicinom samostalnih poslanika bio jedini protiv leks specijalis i usvajanja leks specijalis u tadašnjem sazivu Skupštine Republike Srbije. To je deo našeg kulturnog nasleđa i leks specijalis se kršenje svih sistemskih zakona i mnogih tačaka Ustava Republike Srbije."
BožovićBalša,"Božović, Balša",Demokratska stranka,M,1983,PROTIV,"Želimo da se raskine taj međudržavni Sporazum između Srbije i Vlade Ujedinjenih Arapskih Emirata iz prostog razloga što je to Sporazum koji je omogućio leks specijalis, odnosno korupciju zvanu „Beograd na vodi“."
BožovićBalša,"Božović, Balša",Demokratska stranka,M,1983,PROTIV,"Dakle, predlažemo da se leks specijalis ukine, da se raskine međudržavni sporazum između Srbije i Emirata i da se na taj način zaštiti interes Republike Srbije i novac građana Republike Srbije, kako bi mogli da vratimo plate onima kojima ste plate smanjili, kako bi mogli da vratimo penzije onima kojima ste penzije smanjili. Zbog toga smo predložili da se leks specijalis ukine, zato što ne želimo da građani Republike Srbije budu ti koji će plaćati propale projekte Aleksandra Vučića i onih koji su danas na vlasti u Republici Srbiji."
ŽivkovićZoran,"Živković, Zoran",Nova stranka,M,1960,PROTIV,"Nažalost, očigledno je svuda oko nas, u celoj Srbiji, u Beogradu intenzivno, od „Beograda na vodi“ koji je najveće divlje gradilište u istoriji čovečanstva, znači, Keopsova piramida je imala više usklađenosti sa detaljnim urbanističkim planom, da ne govorim o Ajfelovom tornju ili nekim drugim objektima, nego što to ima „Beograd na vodi“ koji je donet specijalnim zakonom, leks specijalis, koji glasi – s kim tadašnji potpredsednik Vlade večera i onim ko ga otprati do spavaće sobe, negde tamo u nama dalekim, prijateljskim zemljama, koje su priznale Kosovo, taj dobija leks specijalis da može da gradi u Beogradu šta god hoće."
MandićMomčilo,"Mandić, Momčilo",Srpska radikalna stranka,M,1954,PROTIV,"Da li su sad oni kažnjeni što su 1997, 1998. godine kao osamnaestogodišnjaci ili dvadesetogodišnjaci otišli u policiju, pa su bili na Kosovu u najgore vreme, rat ako su preživeli, Peštersku visoravan, nisu napunili 45 godina i ne mogu da po ovom leks specijalisu odu u penziju."
BirmančevićBoban,"Birmančević, Boban",Srpska napredna stranka,M,1969,ZA,"Ja vam tvrdim i ponosan sam što sam bio član i deo skupštinske većine, koja je 2015. godine izglasala leks specijalis na temu „Beograda na vodi“, da će za 30 godina koliki je projekat, kada bude završena kompletna priča vezana za „Beograd na vodi“, to biti centar Balkana i biti mesto gde će dolaziti iz svih krajeva sveta. Nadam se da ćemo u ovom skupštinskom sazivu, leks specijalise na sličnu ili istu temu, glasati i za Novi Sad i za Šabac i za Loznicu, Kruševac, Niš i sve druge gradove."
PavlovićSonja,"Pavlović, Sonja",Dosta je bilo,F,1957,PROTIV,"Ovog puta to se dešava na lokalu i meni je drago zbog toga što su građani shvatili da treba da uzmu aktivno učešće u kreiranju politika svojih lokalnih zajednica, jer ukoliko smo mi dobro sproveli plansku aktivnost i dobro doveli do svih i dobro odradili sve strategije i akcione planove na koje poziva ovaj zakon, nama neće biti potreban leks specijalis za neki novi „Beograd na vodi“ i nama neće biti … jer javnost će učestvovati u tim odlukama."
RaškovićIvićSanda,"Rašković Ivić, Sanda",Nova Srbija,F,1956,NEUTRALNO,Za projekat na vodi je 2015. godine u aprilu mesecu i donesen leks specijalis koji je izdvojio to zemljište u gradu Beogradu i koji je proglasio taj projekat projektom od izuzetnog nacionalnog značaja.
AleksićMiroslav,"Aleksić, Miroslav",Nova Srbija,M,1978,NEUTRALNO,"Evo, danas na kraju aprila meseca ne da nisu počeli radovi, nego još uvek nije usvojen ni taj „leks specijalis“ iz koga su najavili, koji je neophodan i preduslov da bi se krenulo sa tom izgradnjom."
RaškovićIvićSanda,"Rašković Ivić, Sanda",Nova Srbija,F,1956,PROTIV,"Naravno, izjasnili su se i svi oni pravnici koji su bili protiv donošenja leks specijalisa, jer leks specijalis se donosi samo onda ako je nešto od zaista velikog nacionalnog interesa, a ne vidi se zašto bi jedan komercijalno stambeni kompleks, kakav je „Beograd na vodi“, bio od specijalnog nacionalnog interesa. Međutim, pogledajte preko interneta, nigde nije donesen leks specijalis za tako nešto, a za „Beograd na vodi“ je to doneseno."
AleksićMiroslav,"Aleksić, Miroslav",Nova Srbija,M,1978,NEUTRALNO,"Jedna od primedbi je upravo i ovo o čemu sam govorio, a to je usvajanje zakona po hitnom postupku bez adekvatnih procedura, javnih rasprava i leks specijalis. Prva tačka današnjeg dnevnog reda je ponovo šta leks specijalis? Pa, predsednik Republike je još pre tri godine, ako se ne varam obećao stanove po ceni kvadrata od 380 evra evo, prošlo je tri godine, četvrta godina od tog obećanja i sad navrat na nos mi ulazimo u proceduru usvajanje zakona koji je označen kao leks specijalis i postavlja se opravdano pitanje zašto? Naročito, ako u ovom vašem leks specijalisu imate jedno vrlo problematično pitanje, a to je da investitor ne mora biti Republika Srbija, nego može biti privredno društvo."
MarkovićAleksandar,"Marković, Aleksandar",Srpska napredna stranka,M,1981,ZA,"Kao što rekoh, pred nama je set važnih predloga zakona iz oblasti građevine, saobraćaja, infrastrukture itd, kao i veći broj sporazuma, ali svakako da je najznačajniju pažnju javnosti izazvao Predlog zakona o posebnim uslovima za realizaciju projekta izgradnje stanova za pripadnike snaga bezbednosti ili, kako ga već popularno nazivaju leks specijalis za gradnju jeftinih stanova. Zaključak vladine Komisije je da je radi brže i efikasnije realizacije neophodno izraditi poseban zakon kojim će se urediti uslovi, kriterijumi, način i postupak za realizaciju projekta izgradnje stanova za pripadnike i to Ministarstva odbrane, Vojske Srbije, policije, BIA i Uprave za izvršenje krivičnih sankcija..."
MiladinovićStefana,"Miladinović, Stefana",Socijalistička partija Srbije,F,1981,ZA,"Pripadnici snaga bezbednosti, kao jedni od faktora očuvanja nacionalne bezbednosti svakako zaslužuju brigu države i ovaj svojevrsni leks specijalis nudi jedno humano i jedno odgovorno rešenje i države i stvara stimulativne uslove za pripadnike sistema bezbednosti pružajući mogućnost da pod jednakim uslovima reše trajno svoju stambenu potrebu."
ObradovićBoško,"Obradović, Boško",Srpski pokret Dveri,M,1976,PROTIV,"To nemojte nikad više da navodite kao primer, jer je taj leks specijalis bruka i sramota ovoga parlamenta, ove države i vaše vlasti, i načina na koji ste dali monopol jednom privatnom investitoru na strateški najvažnije mesto za izgradnju u gradu Beogradu, je simbol korupcije, kriminala, lopovluka i svega drugog najgoreg u ovome društvu i državi."
StamenkovićBranka,"Stamenković, Branka",Dosta je bilo,F,1968,ZA,"Znači, ovaj zakon jeste svojevrstan leks specijalis i mogu da razumem tu ideju u smislu ako želimo da sazidamo što jeftinije stanove, potreban nam je neki leks specijalis da maksimalno smanjimo troškove izgradnje tih stanova."
IvkovićVesna,"Ivković, Vesna",Socijalistička partija Srbije,F,1960,NEUTRALNO,"Značajno je i to što sa aspekta ustavnosti donošenje ovog zakona koji je po svojoj pravnoj prirodi leks specijalis u odnosu na druge zakone nije odstupio od osnovnog ustavnog načela o zaštiti, koja je propisana članom 58."
JovanovićNeđo,"Jovanović, Neđo",Socijalistička partija Srbije,M,1962,ZA,"To jeste leks specijalis, ja nemam problem da kažem da je leks specijalis, ali se radi o onim ciljnim grupama koje zaslužuju da budu obuhvaćene ovim zakonom."
MacuraTatjana,"Macura, Tatjana",Dosta je bilo,F,1981,NEUTRALNO,"Na kratko bih se osvrnula na ovaj zakon koji je u stvari podrška projektu izgradnje stanova za pripadnike snaga bezbednosti, koji smo i ovde nazvali kao jednu vrstu leks specijalisa."
MarkovićAleksandar,"Marković, Aleksandar",Srpska napredna stranka,M,1981,ZA,"Iako je više puta rečeno, zbog građana Srbije treba ponoviti još jednom, a kada je reč o Predlogu zakona koji je bez sumnje izazvao najveću medijsku pažnju, dakle, leks specijalis o kome smo pričali o izgradnji jeftinih stanova za pripadnike snaga bezbednosti, da je to zapravo početak rešavanja jednog velikog problema koji decenijama nije rešavan."
MihajlovićGoran,"Mihajlović, Goran",-,M,1963,ZA,"Kada govorite o ovom zakonu o posebnim uslovima i leks specijalisu, razumem dilemu i razumem razmišljanje, ali treba da znate da mi nismo napravili nikakvu diskriminaciju koja je protiv ustavna, jer imamo jednu kategoriju zaposlenih, odnosno jednu kategoriju stanovništva za koju smo unutar te kategorije napravili iste uslove, i to je nešto što je u skladu sa zakonom i u skladu sa Ustavom. Kao što sam rekla i vašoj koleginici, imamo poseban Zakon za izbeglice gde zbrinjavamo izbeglice kroz taj zakon ili neke druge zakone, dakle, za određene kategorije građana Srbije, što ne znači, ponavljam još jednom, da mi ovaj projekat i ovaj model nećemo proširiti i nadalje."
StojkovićDušica,"Stojković, Dušica",Srpska napredna stranka,F,1979,ZA,"Ovim zakonom, ovim leks specijalisom o kome danas raspravljamo, zaista će se precizirati do tančina jasna prava i obaveze investitora za svaku od pojedinačnih lokacija. To je zaista benefit od usvajanja ovog zakona, leks specijalisa i to je višestruko."
TomićAleksandra,"Tomić, Aleksandra",Srpska napredna stranka,F,1969,NEUTRALNO,"Zbog toga danas imamo zakone iz svih oblasti, ali kada govorimo o saobraćaju, znači o svim vidovima saobraćaja, ali i oni koji se odnose na građevinarstvo i ja danas da ne bih oduzela mnogo vremena mojim kolegama, govoriću o ovom zakonu o leks specijalis koji se odnosi na izgradnju stanova, zato što želim da i vama i građanima Srbije, da vas podsetim na to kako je to nekada izgledalo 2010. godine, pošto su mnoge političke stranke Vlade, obećavale izgradnju jeftinih stanova."
TončevNovica,"Tončev, Novica",Socijalistička partija Srbije,M,1962,PROTIV,"Međutim, kao poslanik i kao socijalista, po ubeđenju i političkom opredeljenju, moram da kažem ovom prilikom da mi je krivo što ovaj leks specijalis nije obuhvatio i zaposlene u zdravstvu, prosveti, kao i zaposlene u lokalnoj samoupravi, ovo posebno naglašavam – lokalnoj samoupravi i javnoj upravi, jer znate, poštovana ministarka, da su tu najmanje plate kod nas u Srbiji, jer i ta kategorija građana vredno radi po 40 godina, ali za to vreme ne može da dođe do kvadrata nad glavom. Za razliku od onog Dulićevog zakona koji je isto ovako bio leks specijalis, ovde ne bi trebalo da bude grešaka i propusta, ne bi smelo da bude kašnjenja i probijanja rokova u izvođenju radova, što je najvažnije mora da postoji ozbiljan nadzor. Ponavljam, podržavam inicijativu ali sam protiv leks specijalisa jer smatram da bi u okviru postojeće stambene izgradnje mogao da se nađe modus da stan, samo stan košta 500 eura, a da se sve ostalo nadoknadi."
BojićDubravko,"Bojić, Dubravko",Srpska radikalna stranka,M,1953,NEUTRALNO,"Imamo hitan postupak i leks specijalis. Hitan postupak Vlada uvodi kao način uređivanja ovih zakona, kao opšte mesto i leks specijalis je već na poseban način se uvodi kao praksa u rešavanja ovih problema, pod izgovorom da je bitan."
JovanovićNeđo,"Jovanović, Neđo",Socijalistička partija Srbije,M,1962,NEUTRALNO,"Imajući u vidu da je ovaj zakon nesumnjivo zakon po pravnoj prirodi leks specijalis, ne treba ga ni u kom slučaju podvoditi pod neku prizmu koja podrazumeva analizu da li se tim zakonom krši ustavno načelo zabrane diskriminacije."
LintaMiodrag,"Linta, Miodrag",Srpska napredna stranka,M,1969,ZA,"Snažno pozdravljam izjavu ministra Stefanovića, nadam se da će to biti veoma brzo da se donese sličan zakon, leks specijalis i da se uzme u obzir još dve prioritetne ciljne grupe, a to su porodice palih boraca i to su ratni vojni invalidi."
LukićMladen,"Lukić, Mladen",Srpska napredna stranka,M,1977,NEUTRALNO,"Uvaženi ministre sa saradnicima, dame i gospodo narodni poslanici, ovaj zakon je leks specijalis u odnosu na druge zakone, jer je ovo projekat od značaja za nacionalnu bezbednost Republike Srbije."
MirčićMilorad,"Mirčić, Milorad",Srpska radikalna stranka,M,1956,ZA,"Evo, u članu 2, u stavu 2. ovog člana kaže se da u ovom leks specijalisu ako ne bude nešto izdefinisano, onda će se primenjivati zakoni o eksproprijaciji, o planiranju i izgradnji itd, itd. Međutim, zakon je išao čak toliko u detalje da je predvideo kada se vrši eksproprijacija zemljišta gde je izgrađen objekat koji je bez dozvole gradnje, čak je i to predvideo, tako da na neki način ovaj leks specijalis je obradio sve aspekte ovog problema."
ObradovićBoško,"Obradović, Boško",Srpski pokret Dveri,M,1976,PROTIV,"Dakle, to je sada jedno veoma ozbiljno pitanje koje mislim da ste dužni da odgovorite – kada će se sveobuhvatno jednim zakonskim rešenjem, a ne leks specijalisom, kao što je ovaj slučaj, rešiti pitanje svih srpskih ratnih vojnih veterana? Da nam se neće ponoviti još jedan leks specijalis kakav je bio „Beograd na vodi“, koji je zapravo samo prostor za kriminal i korupciju?"
RadetaVjerica,"Radeta, Vjerica",Srpska radikalna stranka,F,1955,NEUTRALNO,Ovo je leks specijalis za poseban deo našeg društva za službe bezbednosti.
VukadinovićĐorđe,"Vukadinović, Đorđe",Demokratska stranka Srbije,M,1962,NEUTRALNO,"To je kvota, to je ono na šta se odnosi ovaj leks specijalis, a ovde se baratalo, gospođa Mihajlović stidljivo, gospodin Stefanović u početku je pomenuo cifru od 5.203 stana, valjda želeći da sugeriše kako će biti dovoljno stanova za sve, i to je i ponovio."
ZeljugMarko,"Zeljug, Marko",Srpska napredna stranka,M,1983,NEUTRALNO,"Pre tri godine imali smo priliku, upravo u ovoj sali slušamo istovetno osporavanje suprotne strane za jedan od projekata koji se tada promovisao, to je leks specijalis za „Beograd na vodi“ i takođe smo slušali da taj projekat neće biti danas."
AleksićMiroslav,"Aleksić, Miroslav",Nova Srbija,M,1978,ZA,"Prosto, ako se donosi jedan ovakav leks specijalis za određene kategorije građana Republike Srbije, ne smemo dozvoliti nikakvu diskriminaciju prema drugima. Dakle, hajde ako pravimo jedan ovakav leks specijalis za određenu kategoriju, da obuhvatimo i druge."
JovanovićNeđo,"Jovanović, Neđo",Socijalistička partija Srbije,M,1962,ZA,"Mislim da se, ministre, sa mnom možete složiti da se diskriminacija kao jedna vrsta hipokrizije, koja se ovde nameće, odnosi na neke druge grupe koje ni u kom slučaju ne mogu biti okosnica svega onoga o čemu sada pričamo zbog toga što se upravo leks specijalis, a to je ovaj zakon, temelji na činjenici da bez jačanja sistema nacionalne bezbednosti ne možemo obezbediti pripadnicima svih onih koji su u službama, bezbednosnim službama, osnovne uslove i za život, i za rad i za postizanje odgovarajućih rezultata na poslu kojim se oni bave. Mislim da ovim zakonom se daje veliki doprinos da će se ti ciljevi i postići i ono što mislim da na kraju treba istaći, da svi oni koji su ovim zakonom obuhvaćeni, mogu biti sigurni da će na osnovu ovog zakona kao leks specijalisa dobiti ono što zaslužuju, a to su normalni uslovi, komforni uslovi za život, a samim tim, i uslovi da mogu da nastave svoj rad, svoj posao, koji je jako odgovoran i delikatan."
JovanovićVera,"Jovanović, Vera",Srpska napredna stranka,F,1947,ZA,"Sa aspekta ustavnosti donošenja ovakvog zakona koji po svojoj pravnoj prirodi je leks specijalis i u odnosu na druge zakone je moguće, budući da je ovo projekat od značaja za nacionalnu bezbednost Republike Srbije, a pri tome se, donošenjem istog, nije odstupilo od osnovnog ustavnog načela o zaštiti imovine, koje je propisano članom 58."
KrlićMirko,"Krlić, Mirko",Srpska napredna stranka,M,1955,ZA,"Hvala gospodine predsedavajući, gospodine ministre sa saradnicima, uvažene kolege, ovaj zakon leks specijalis po meni najznačajniji zakon koji rešava socijalni i materijalni status pripadnika snaga bezbednosti."
LintaMiodrag,"Linta, Miodrag",Srpska napredna stranka,M,1969,ZA,"Posebno želim da istaknem važnost i značaj, a verujem da će to Vlada u narednom koraku sigurno učiniti, doneti novi leks specijalis gde ćemo posebno obuhvatiti najranjivije kategorije stanovništva u Srbiji, znači, to su ratni vojni invalidi, to su porodice palih boraca, za njih takođe mora biti jedan program da im se omogući da pod povoljnim uslovima reše svoje stambeno pitanje."
LintaMiodrag,"Linta, Miodrag",Srpska napredna stranka,M,1969,ZA,"Ono što posebno želim takođe istaći jeste veoma važno da u što kraćem vremenskom roku Vlada donese novi leks specijalis, odnosno da Skupština donese novi zakon kojim ćemo obuhvatiti i druge ranjive kategorije."
MirčićMilorad,"Mirčić, Milorad",Srpska radikalna stranka,M,1956,NEUTRALNO,Srpska radikalna stranka i dalje ima nameru da poboljša ovo zakonsko rešenje leks specijalisa.
Jovanović2Nataša,"Jovanović2, Nataša",Srpska napredna stranka,F,1967,NEUTRALNO,Pred nama je leks specijalis zakona o posebnim uslovima za realizaciju projekta izgradnje stanova za pripadnike snage bezbednosti.
KompirovićStanija,"Kompirović, Stanija",Srpska napredna stranka,F,1968,ZA,"Izdvajam ga kao veoma značajnim i bitnim, kao leks specijalis, jer omogućava kupovinu stanova po subvencionisanim cenama."
MajkićAleksandra,"Majkić, Aleksandra",Srpska napredna stranka,F,1979,NEUTRALNO,"Da li ćemo menjati zakon, da li donositi leks specijalis koji će se odnositi na prodaju ove imovine ili podzakonskim aktima još više olakšati lokalnim samoupravama da dođu do ovih objekata, jer se pokazalo u dosadašnjoj praksi da su uprave lokalne samouprave one koje na najbolji način upravljaju bivšom imovinom Ministarstva odbrane."
MihajlovićGoran,"Mihajlović, Goran",-,M,1963,NEUTRALNO,"Drugo, kada ovde pominjete stambenu izgradnju, pa različite definicije i tako dalje, nema tu različitih definicija, ali ispred vas se nalazi Predlog zakona koji mi zovemo leks specijalis. Dakle, to jeste poseban zakon, znači, drugačiji zakon vezano za kriterijume izgradnje stanova za ljude koji žive, odnosno koji su pripadnici snaga bezbednosti."
MirčićMilorad,"Mirčić, Milorad",Srpska radikalna stranka,M,1956,NEUTRALNO,"Jeste ovo leks specijalis, ali ne zaboravite da jednom kada napravite izuzetak ono postaje pravilo. Ovo vam je posle „Beograda na vodi“ drugi leks specijalis kada je u pitanju građevinska operativa."
ŽarićKovačevićJelena,"Žarić Kovačević, Jelena",Srpska napredna stranka,F,1981,NEUTRALNO,"Usvajanjem ovog predloga donećemo leks specijalis, zakon koji će po svojoj pravnoj prirodi imati veću snagu od zakona koji uređuju opšta pitanja."
ĐurićVladimir,"Đurić, Vladimir",Dosta je bilo,M,1970,NEUTRALNO,"I spomenik prebijenim demonstrantima, koji su mesecima, u zimu 1996. i 1997. godine, branili izbornu volju građana i pobedu opozicije na lokalnim izborima, koga je međunarodna zajednica morala da ga natera da prizna i proglasi čuvenim leks specijalisom, spomenik ubijenim novinarima, kao što je recimo Slavko Ćuruvija, spomenik ubijenima na Ibarskoj magistrali, spomenik Ivanu Stamboliću, ubijenom i zakopanom u jamu sa krečom, spomenik svim ratovima koje je vodio i svim žrtvama tih ratova iz svih bivših jugoslovenskih republika svih nacionalnosti i verosipovesti?"
JovanovićNeđo,"Jovanović, Neđo",Socijalistička partija Srbije,M,1962,NEUTRALNO,"Imajući u vidu činjenicu da grad Beograd ima svoje specifičnosti i da je normiran, odnosno sistematizovan kako zakonski, po zakonu koji ima kategoriju leks specijalisa, to je Zakon o gradu Beogradu, a takođe je normiran i u Ustavu kao glavni grad Republike Srbije, onda je sasvim logično da upravo ta dva zakonska akta, odnosno jedan ustavnog karaktera, to je Ustav Republike Srbije i drugi Zakon o gradu Beogradu, definišu pitanja osnivanja i ustrojstva saveta mesnih zajednica."
RaškovićIvićSanda,"Rašković Ivić, Sanda",Nova Srbija,F,1956,NEUTRALNO,"Naime, još od 2015. godine, od aprila meseca, kada je usvojen leks specijalis koji je „Beograd na vodi“ učinio republičkim projektom, koji je označio „Beograd na vodi“ kao projekat od posebnog državnog, odnosno republičkog značaja, iako ne znam zašto bi to bilo od posebnog značaja jer tu se radi samo o stambenim zgradama i o šoping molovima, ni o kakvim rudnicima, aerodromima ili nekoj specijalnoj industriji, mi i dalje ne znamo ko je tu investitor, koja poslovna banka garantuje uspešnu realizaciju projekta."
BožovićBalša,"Božović, Balša",Demokratska stranka,M,1983,PROTIV,"Međutim, kada smo usvajali i raspravljali o leks specijalisu, koji je bio najpogubniji zakon po Srbiju i dalji demokratski razvitak Srbije, mi smo tada govorili da ćete vi tim zakonom da sa strane stavite, ne samo zakone i ne samo sistemske zakone, koji su postojali i koji danas postoje i važe, nego celokupan Ustav Republike Srbije, u pitanju je projekat „Beograd na vodi“ Kada je u pitanju „Beograd na vodi“, ne samo da je opšte poznato šta mislimo mi kao opozicija o tom projektu ili ja lično ili moje kolege koje su danas ovde prisutne, „Beograd na vodi“ je označio početak kraja poštovanja struke, poštovanja znanja, poštovanja tradicije, poštovanja svega onoga što je izgradio ovaj grad u poslednjih dve hiljade godina. Vi leks specijalis danas predlažete za celu Srbiju, koji nije u skladu sa Ustavom i koji nije u skladu sa sistemskim zakonima."
BožovićBalša,"Božović, Balša",Demokratska stranka,M,1983,PROTIV,"Protiv njega smo zato što je pljačkom, pretnjama, ucenama i silom donesen kao leks specijalis u ovoj Skupštini."
AntićAleksandar,"Antić, Aleksandar",Socijalistička partija Srbije,M,1969,NEUTRALNO,"Ovaj zakon, ja moram da kažem, on ma koliko ima elemente leks specijalis, on je pre svega zakon koji, da kažem, na tehnički način rešava višegodišnje i višedecenijske probleme koje mi imamo u našim knjigama, ne samo u Boru, nego u čitavoj Srbiji."
RaškovićIvićSanda,"Rašković Ivić, Sanda",Nova Srbija,F,1956,PROTIV,"Takođe, ispod radara negde prolazi i Predlog zakona o sticanju svojine nad zemljištem i objektima i vodovima RTB Bora, gde sam ja ovo razumela kao svojevrsni leks specijalis, odnosno da će sada nakon celog niza godina, višedecenijskih tih reformi sve ono što je pripadalo državi, sada odjednom treba da pripadne firmi i to onom delu firme koji je pod kineskom upravom. Svakako ova vrsta leks specijalisa će uzeti naše resurse."
NedimovićBranislav,"Nedimović, Branislav",Srpska napredna stranka,M,1977,NEUTRALNO,"Postoji poseban zakon za to, takozvani lex specialis, koji reguliše čitavu tu materiju, tako da ove priče koje se vezuju za član 5. izmena i dopuna Zakona o bezbednosti hrane, to apsolutno ne stoji."
NedimovićBranislav,"Nedimović, Branislav",Srpska napredna stranka,M,1977,PROTIV,"Ukoliko bi mi prihvatili ovakva rešenja, kao „Leks specijalis“, što je malopre kolega rekao, mi bi smo automatski razmontirali ceo postojeći sistem kako porezi u Srbiji funkcionišu, naplaćuju se."
RadetaVjerica,"Radeta, Vjerica",Srpska radikalna stranka,F,1955,PROTIV,"Ono što je ostalo nerazjašnjeno u odgovoru i u replici jeste… Naravno nesporno je valjda svakome ko je ovo pročitao da je zakon apsolutno protivustavan i da je neusklađen sa još dva sistemska zakona i da se ovakvim nekim zakonom ne može na leks specijalis način rešavati bilo kakva situacija, pogotovo ne kada je to suprotno Ustavu Republike Srbije."
ŠevarlićMiladin,"Ševarlić, Miladin",Srpski pokret Dveri,M,1949,NEUTRALNO,"Postoje dva budžetska leks specijalisa. Nisam pratio i ne znam u kom procentu se ispunjavaju obaveze za obavljanje nadležnosti Pokrajine Vojvodine, da li je to 7% ili manje u odnosu na ukupne budžetske poreske prihode, ali vrlo dobro znam da ovaj drugi budžetski leks specijalist se uopšte ne ispunjava, a on se dotiče i poljoprivrednika na teritoriji AP Vojvodine."
BelačićAleksandra,"Belačić, Aleksandra",Srpska radikalna stranka,F,1986,PROTIV,"Leks specijalist, će dakle, umanjiti ratu, ali nije dobro rešenje jer ne može da garantuje kurs evra."
MaliSiniša,"Mali, Siniša",Srpska napredna stranka,M,1972,ZA,"Ovaj leks specijalis je kompromisno rešenje između nekoliko zainteresovanih strana građana, odnosno udruženja koja ih predstavljaju, banaka i države sa treće strane. Uvaženi narodni poslanici, na osnovu ovih dobrih makroekonomskih rezultata vi danas imate ispred sebe leks specijalis, zakon kojim rešavamo probleme zaduženi u švajcarskim francima kojih prema podacima kreditnog biroa ima tačno 15.785."
MirčićMilorad,"Mirčić, Milorad",Srpska radikalna stranka,M,1956,NEUTRALNO,"Uz svo razumevanje problema sa kojima se suočava ova određena grupa građana, ovo rešenje je iznuđeno onog trenutka kada se radikalizovao štrajk korisnika kredita u švajcarskim francima, pa je morao čak i predsednik Republike da izađe da da obećanje, a onda navrat-nanos, kako bi se to narodski reklo, ide se ka rešenju, traži se leks specijalis da bi se rešio taj pojedinačni problem, parcijalni problem."
RadetaVjerica,"Radeta, Vjerica",Srpska radikalna stranka,F,1955,PROTIV,"Pustite vi tu populističku priču na šta ste vi ponosni, na koga ste vi ponosni, građani koji su zaduženi u švajcarcima treba da čuju istinu da ovo što danas će ili za neki dan biti usvojen ovaj zakon leks specijalis, neće rešiti njihove probleme, da će ljudi kojima su već uzeti stanovi, morati i dalje da otplaćuju kredite, da ljudi kojima su uzeti stanovi, prodati bud zašto, gde su stanove kupovali izvršiteljovi sinovi, izvršiteljke, itd, stanovi koji su prodavani ispod cene, da vi tim ljudima nećete nadoknaditi štetu."
TomićAleksandra,"Tomić, Aleksandra",Srpska napredna stranka,F,1969,ZA,"Može da promeni osnov za pokretanje postupaka, dato mu je pravo, ono koje je zagarantovano Ustavom, a i nama je dato pravo ovde kao poslanicima da donesemo jedan vid leks specijalisa, gde ćemo zaštititi interese građana, jer oni se na to i pozivaju, da svaka država, svaka Vlada mora da štiti interese građana Srbije i interese potrošača i mora da reaguje. To je ono što mislim da je najznačajnije da ovakav leks specijalis ne treba da nas deli stranački, već treba da nas ujedini kod ovakvog donošenja i konsenzusa, pomoći u društvu ljudima koji zaista su došli u ovakvu situaciju. Prema tome, ovakav stepen licimerstva, mogu samo da spreče, ukoliko se vrate ovde kada bude dan za glasanje i podrže ovakav leks specijalis. "
ŠešeljVojislav,"Šešelj, Vojislav",Srpska radikalna stranka,M,1954,PROTIV,"Ali, nužda me je naterala, pošto je spojeno 18 tačka dnevnog reda, da se koncentrišem samo na zakon sa kojim je ministar Mali došao danas na sednicu, a to je zakon koji ima ovde atribut leks specijalisa, a ja bih dodao da je to protivustavni zakonski projekat i ako ga vi danas izglasate, ili sutra, SRS će pokrenuti postupak pred Ustavnim sudom."
ŠešeljVojislav,"Šešelj, Vojislav",Srpska radikalna stranka,M,1954,PROTIV,"Ona ga mora rešiti na ustavan i zakonit način unutar pravnog sistema, a ne leks specijalisom."
KrivokapićMilovan,"Krivokapić, Milovan",Srpska napredna stranka,M,1949,ZA,"Uvaženi ministre sa saradnicima, koleginice i kolege, danas ću reći nešto o predloženom zakonu o konverziji stambenih kredita indeksiranih u švajcarskim francima i odmah na početku reći da treba podržati njegovo donošenje kao leks specijalis jer su u pitanju decenijske muke prevarenih građana Republike Srbije. Vlada Srbije je usvojila leks specijalis koji omoguće da građanima zaduženim u švajcarskim francima bude otpisano oko 200 miliona evra duga prema bankama."
PaunovićSnežana,"Paunović, Snežana",Socijalistička partija Srbije,F,1975,ZA,"Druga mnogo važna stvar koja nas vraća na odluku Kasacionog suda, za koju mislim da je vrlo dobra i da je šteta što nije sadržana u leks specijalisu, mada pretpostavljam da to možda nije ni bilo moguće kroz ovaj tekst i verujem da samo ministar zna koliko je teško bilo razgovarati sa ove dve strane koje imaju potpuno različite probleme i različite interese, tako da vam čestitam na tome da ste ipak došli do nekog rešenja koje, složiću se sa svima koji kritikuju, nije idealno, ali je neko rešenje. Dakle, leks specijalis danas pomaže i kaže da ste vi u mogućnosti da izaberete dogovor sa bankom koji će značiti dug u švajcarcima konvertovan u evrima pa umanjen za 38%. Država i NBS su ostali nemi na jednu činjenicu koja je vratolomno krenula 2009. godine i tada se moglo reagovati leks specijalisom, pa taman, to su sve kritičari ovog zakona koji su mogli ovako loš zakon, kako ga danas kritikuju, primene tada, npr, i to bi onda bilo i te kako povoljnije za sve korisnike kredita."
JovanovićNeđo,"Jovanović, Neđo",Socijalistička partija Srbije,M,1962,NEUTRALNO,"I ovaj zakon daje samo diskreciono pravo korisniku kredita da prihvati uslove iz ovog leks specijalisa, ili da se opredeli za sudski spor."
MaliSiniša,"Mali, Siniša",Srpska napredna stranka,M,1972,ZA,"Uvaženi poslanici, tri su pitanja ili komentara koja smo čuli, dakle, po pitanju leks specijalisa. Zakon kao leks specijalis, znate, ovo je posebna materija, relativno uska materija. Dakle, ne postoji jedan zakon, osim leks specijalisa, koji će da tangira, ako tako mogu da se izrazim, da se odnosi samo na ovu relativno usku stvar. Zato moramo da donesemo leks specijalis, jer ne postoji… Ovo nije velika, široka tema kojom bi neki posebni zakon bio definisan, osim na ovaj način. Dakle, nije ovo standardna stvar, nije ovo uobičajena stvar, zato idemo sa leks specijalisom da rešimo ovaj jasno definisani problem građana, pojedinih građana Srbije."
NikolićRužica,"Nikolić, Ružica",Srpska radikalna stranka,F,1976,NEUTRALNO,"Leks specijalis predviđa suprotno stavu Vrhovnog kasacionog suda, da se izvrši konverzija u evre i tom prilikom umanji iznos dobijen konverzijom, iznos glavnice na dan konverzije uvećan za iznos dospele, a ne naplaćene, redovne kamate na dan konverzije, za 38%."
RadetaVjerica,"Radeta, Vjerica",Srpska radikalna stranka,F,1955,PROTIV,"Pitanje jeste, kako ste vi to i iz kojih sredstava naumili da isplatite ove troškove koje ste napravili u budžetu, koje ćete napraviti ovim „leks specijalisom“, zakonom koji, ponavlja, ne rešava suštinski problem koji je bio povod za donošenje ovakvog zakona. Ne može se rešavati i vi sve više, ne mislim vi lično, nego Vlada sve više poseže za nekim rešenjima od slučaja do slučaja, nešto se desi u životu, neko tamo sedne, napravi Predlog zakona, ovde se o tome raspravlja, pa imamo razne zakone koja imaju nekakva lična imena, pa onda sada imamo i ovaj „leks specijalis“, ali to samo govori o neozbiljnom pristupu rešavanja suštinskih i bitnih problema."
RadetaVjerica,"Radeta, Vjerica",Srpska radikalna stranka,F,1955,NEUTRALNO,"Govorite argumentima, jer i mi govorimo argumentima, a naš glavni argument je da ovaj Predlog zakona morate povući iz skupštinske procedure, a kad budemo govorili o izmenama ili o nekom novom leks specijalisu, samo ćemo čitati ono što ste vi pričali i podsećati javnost na to."
TončevNovica,"Tončev, Novica",Socijalistička partija Srbije,M,1962,NEUTRALNO,"Poštovane kolege, poštovani ministre finansija, evo, ja sam se javio po amandmanu i hoću da iskoristim ovu priliku da pitam ministra finansija da li mi, s obzirom da je narod birao nas poslanike, a mi poslanici biramo Vladu Srbije, da li mi moramo da svaki zakon donosimo ovako kao leks specijalis ili možemo to sistematski da rešimo?"
JovanovićNataša,"Jovanović, Nataša",Srpska radikalna stranka,F,1966,PROTIV,"Gospodine ministre, mi smatramo da je ovaj predlog neprihvatljiv, tražili smo brisanje ovog četvrtog stava u članu 1. zato što komunalna delatnost mora da bude i razvoj komunalne mreže pod patronatom gradske uprave iz prostog razloga što i Zakon o komunalnim delatnostima kao leks specijalis u obligacionom pravu između preduzeća koja vrše komunalne delatnosti i potencijalnih korisnika lepo kaže da pružaoc komunalne usluge, a to je preduzeće koje se bavi, mora da omogući svim stanovnicima na području jedne opštine jednog grada da imaju komunalnu uslugu."
ŠešeljAleksandar,"Šešelj, Aleksandar",Srpska radikalna stranka,M,1993,NEUTRALNO,"Imamo bombastične najave o izgradnji novog autoputa Preljina-Pojate, koji neće biti na tenderu, neće biti na javnom konkursu, pa da mi onda odredimo koji će biti uslovi i da izaberemo najpovoljnijeg izvođača za taj projekat, nego će to biti leks specijalisom američkoj firmi ""Behtel"". Ne, nego se odmah leks specijalisom dodeljuje jednoj firmi jedan projekat, i to je to."
JovanovićNeđo,"Jovanović, Neđo",Socijalistička partija Srbije,M,1962,ZA,"U kratkim crtama, u ime nas socijalista, ću izneti neke stavove za koje smatram da mogu da budu korisni, kako u smislu pravnog tumačenja zakona, tako i u smislu nečega što bi možda vama moglo da pomogne, kako bi ovaj zakon doveli konačno do cilja, a to je da se kao leks specijalis može u celosti realizovati u veoma kratkim vremenskim rokovima, kako je inače ovde i definisano. Ono što je bitno, bitno je istaći da mi razumemo vašu, da kažemo nužnost da pristupite donošenju leks specijalisa, jer ovaj zakon zaista ima u pravom smislu reči sve atribute leks specijalisa, imajući u vidu razloge zbog kojih se donosi i imajući u vidu potrebu utvrđivanja javnog interesa za jedan projekat od vitalnog značaja za Republiku Srbiju."
KomlenskiĐorđe,"Komlenski, Đorđe",Pokret socijalista,M,1965,ZA,"Prema tome, ovo je potpuno logično i ovakva odrednica, tako da ga nazovemo, leks specijalisa, koja ovde praktično, onako žargonski, tako danas vole da kažu, je tri u jedan, tri oblasti vrlo bitne definiše, a to su ciljevi o kojima vi govorite pored izgradnje autoputa, uređenje sliva i obezbeđenje telekomunikacionog koridora."
MihajlovićGoran,"Mihajlović, Goran",-,M,1963,ZA,"Infrastruktura u Srbiji da bi mogla što brže da se radi i gradi naše mišljenje je bilo da zbog toga treba da stavimo i poseban zakon da bismo pokušali da izbegnemo sve moguće i nemoguće, da tako kažem, probleme sa kojima smo se susretali u prethodnim godinama, a za rezultat građani Srbije za sada imaju 300, odnosno više od 300 kilometara autoputeva i imaće pet novih autoputeva koje počinjemo da radimo."
RakićKatarina,"Rakić, Katarina",Srpska napredna stranka,F,1979,ZA,"Donošenjem jednog ovakvog, mogu slobodno da kažem, leks specijalisa nije danas prvi put da to radimo, već je pokazala dobre rezultate prilikom realizacije projekata „Beograd na vodi“, zatim projekta kao što je Železara Smederevo."
PerićSreto,"Perić, Sreto",Srpska radikalna stranka,M,1959,PROTIV,"Ovde postoje vrsni pravnici, neki se bave naučno-istraživačkim radom, neki su profesori na univerzitetu i oni znaju da nije dobro vrlo često pridodavati donošenju leks specijalisa, odnosno donošenju posebnih ili specijalnih zakona, jer on, govorim sada da bi razumela to šira javnost, ne samo stručna, stavlja van snage opšti zakon."
RadetaVjerica,"Radeta, Vjerica",Srpska radikalna stranka,F,1955,PROTIV,"To je očigledno vaša namera i vi ste zato zapravo i radili leks specijalis, zbog toga i zbog onog drugog slučaja gde ste predvideli da uvučete „Behtel“ na mala vrata, da se ukrade iz budžeta 300 miliona evra i vi ste tim posao završili. Da ste iole ozbiljni, i vi u Vladi i skupštinska većina, onda bi stvarno ozbiljno razmotrili ove naše amandmane, a ne bi pravili neku priču koja nema veze ni sa realnošću, ni sa Zakonom o eksproprijaciji, ni sa leks specijalisom ovim i uopšte sa leks specijalisom, niti bi vam palo napamet da ovde držite predavanje nekome ko zna mnogo bolje od vas ovo o čemu govori, ali vama nije namera da ovaj posao uradite čisto, niste ga čisto počeli, nećete ga čisto ni završiti."
RadetaVjerica,"Radeta, Vjerica",Srpska radikalna stranka,F,1955,PROTIV,"Kao što smo imali pre vas ministra Zoranu Mihajlović, gde je problem u Zakonu o eksproprijaciji, pa kao posledica toga problem ovog njenog leks specijalisa."
RakićKatarina,"Rakić, Katarina",Srpska napredna stranka,F,1979,NEUTRALNO,"Mene je možda sad malo i sramota da jednom kolegi starijem od sebe moram da pojasnim šta je to leks specijalis. Znači, ukoliko u leks specijalisu ne navedemo konkretno razliku u odnosu na neki drugi zakon, taj zakon koji je na snazi će se svakako primenjivati. Znači, vi tražite da se ovim amandmanom promeni, da to bude pre, a po zakonu koji ovim članom, ovim leks specijalisom nismo menjali, znači ostaje isti, je navedeno da to ide po dobijanju rešenja. To je, jednostavno nešto što jeste cilj ovog leks specijalisa. Ali, jednostavno o čemu ja sada govorim jeste azbuka leks specijalisa."
ŠešeljAleksandar,"Šešelj, Aleksandar",Srpska radikalna stranka,M,1993,PROTIV,"Ne, mi donosimo leks specijalis da bi samo isključivo jedna firma to izgradila. potreba za izgradnjom autoputa Preljina-Pojate, da li je u skladu sa komunitarnim pravom da mi nemamo konkurenciju i da donosimo na osnovu toga leks specijalist za izgradnju autoputa? A sada ne znamo ni da li su najjeftiniji, zato što je leks specijalis. Dakle, on je rekao da se više neće nikakve radnje sprovoditi na transparentan način, da ćemo poštovati parlamentarne procedure i zakonske procedure, a mi sada opet imamo leks specijalis."
RadetaVjerica,"Radeta, Vjerica",Srpska radikalna stranka,F,1955,PROTIV,"Nama neki poslanici vlasti kažu - nije zaključen ugovor i niko ne garantuje da će biti zaključen ugovor sa „Behtelom“, a inače je donet leks specijalis da će taj ugovor biti zaključen bez javnih nabavki, što je po nama zaista mnogo strašno."
ŠešeljAleksandar,"Šešelj, Aleksandar",Srpska radikalna stranka,M,1993,PROTIV,"Mi smo protiv načina izbora partnera za takve projekte koji je netransparentan, a leks specijalis je netransparentan način."
RadetaVjerica,"Radeta, Vjerica",Srpska radikalna stranka,F,1955,PROTIV,"Ovo je najviše podsećalo na ono kad je najavljivan onaj lex specialis o „švajcarcima“ i, evo, dobro znate da problemi tih kredita nisu rešeni onim zakonom i neće biti."
StojanovićStudenka,"Stojanović, Studenka",Srpska napredna stranka,F,1982,NEUTRALNO,"Ne može da se zameni rečju „drugim“, jer termin poseban znači poseban zakon se odnosi na leks specijalis. Ako se upotrebi termin „drugi“, to onda ne znači leks specijalis."
BirmančevićBoban,"Birmančević, Boban",Srpska napredna stranka,M,1969,ZA,"Članovi porodica palih boraca imaće mogućnost da kupe stan po najpovoljnijim mogućim uslovima, po uslovima koji nikada do sada nisu postojali na tržištu i neće ni postojati, ovo je svakako leks specijalis i kao takav zakon daje odrešene ruke državi da pomogne onima kojima je pomoć potrebna."
JovanovićBranimir,"Jovanović, Branimir",Socijaldemokratska partija Srbije,M,1979,ZA,Sama činjenica da smo doneli već poseban zakon omogućava nam da lakše realizujemo ovu ideju i da lakše prevazilazimo sve prepreke na koje nailazimo na terenu.
JovanovićVera,"Jovanović, Vera",Srpska napredna stranka,F,1947,NEUTRALNO,"Skupština Srbije usvojila je 25. maja prošle godine leks specijalis kojim omogućava izgradnju stanova za pripadnike policije i službe bezbednosti po subvencionisanim cenama, na većini od njih na 500 evra u proseku po kvadratnom metru."
KovačevićBorisav,"Kovačević, Borisav",Partija ujedinjenih penzionera Srbije,M,1943,NEUTRALNO,"Gospođo ministar i vaši saradnici, poštovane koleginice i kolege poslanici, mi u Skupštini, čini mi se, retko imamo priliku da raspravljamo i izjašnjavamo se o donošenju leks specijalisa i to je uvek samo po sebi interesantno. Kad govorim o leks specijalisu mislim, da ne budem neprecizan, upravo na Zakon o posebnim uslovima za realizaciju Projekta izgradnje stanova za pripadnike snaga bezbednosti. Leks specijalis ima svoje specifike samim tim što odudara, ne samo od uobičajenog načina donošenja, nego što tretira i uređuje stvari koje nisu uobičajene."
MirčićMilorad,"Mirčić, Milorad",Srpska radikalna stranka,M,1956,NEUTRALNO,"Čak, pošto je ovo lex specialis moglo se analogijom nekom ići da su ovo posebni uslovi i da ti posebni uslovi važe i za angažovanje domaćeg izvođača."
RančićBranimir,"Rančić, Branimir",Srpska napredna stranka,M,1953,ZA,"Ovakvim i sličnim rešenjima pristupili su i ranije kao što je i projekta ""Beograd na vodi“ koji je po svojoj pravnoj prirodi leks specijalis, u odnosu na druge zakone, budući da je ovaj projekat od značaja za nacionalnu bezbednost Republike Srbije."
IvkovićVesna,"Ivković, Vesna",Socijalistička partija Srbije,F,1960,ZA,"Ja sam u svojoj diskusiji, podržavajući ovaj zakon, takođe izrazila želju da Vlada donese poseban zakon u kome bi se pod povoljnim uslovima obezbeđivali stanovi i za zdravstvene radnike, za prosvetne radnike, ali i za druge socijalno ugrožene i osetljive kategorije stanovništva, kao i za mlade naučnike i ostale kategorije."
KomlenskiĐorđe,"Komlenski, Đorđe",Pokret socijalista,M,1965,NEUTRALNO,"Zaista, pozdravljam to što se Ministarstvo opredelilo da se to produži za dve godine, ali mislim da treba razmotriti u dva pravca da se to ili, produži na neograničen vremenski period, ili da se u toku ove dve godine stvore zakonski uslovi da to više ne bude pitanje posebnih leks specijalisa, ako ćemo ih tako zvati, zakona, već da se stvore zakonski preduslovi da o tome rešavaju fakulteti individualno, jer mi na ovaj način svima izlazimo u susret, ali je nekakva vrsta selektivnosti možda i potrebna."
RadetaVjerica,"Radeta, Vjerica",Srpska radikalna stranka,F,1955,PROTIV,"Dame i gospodo narodni poslanici, kada smo pre dva ili tri meseca ovde raspravljali o onom leks specijalisu za Moravski koridor, tada sam rekla da kao pravnik nisam videla lošiji tekst zakona u formalnom smislu, tek u suštinskom da evo, moram da podsetim da smo tada tvrdili da se taj zakon donosi da bi se legalizovala pljačka republičkog budžeta za 300 miliona evra od stvarne „Behtela“, pa nam je tada Zorana Mihajlović i neki poslanici iz vlasti su nas najozbiljnije kritikovali, napadali, mogu tako da kažem, tvrdili su da to nije tačno, ali evo pre šest, sedam dana desilo se."
JovanovićNeđo,"Jovanović, Neđo",Socijalistička partija Srbije,M,1962,NEUTRALNO,"Ovaj zakon koji ste predložili sadrži dosta procesnih normi, ali taj zakon ako se tumači kao leks specijalis, a jeste leks specijalis, dolazi u određenu koliziju sa odredbama Zakona o parničnom postupku."
RadetaVjerica,"Radeta, Vjerica",Srpska radikalna stranka,F,1955,PROTIV,"Kao što smo bili protiv gradnje Koridora, tako su nam rekli, zato što smo rekli – protiv smo leks specijalisa jer će Zorana ukrasti 300 miliona evra."
DamjanovićMiljan,"Damjanović, Miljan",Srpska radikalna stranka,M,1984,PROTIV,"Malopre je moj kolega spominjao problem, primer, kako god želite, firme „Behtel“ i Moravskog koridora, čija je cena bila veća 300 miliona evra od projekta, istog projekta koji je postojao 2013. godine, pre šest godina, kada je dato kineskoj kompaniji i vi ste ovde izglasali zbog jednog bahatog ministra Zorane Mihajlović, koja naučila da živi na visokoj nozi, da se pošto-poto podigne ta cena i po ko zna koji put ste za ovaj primer izgradnje autoputa doneli leks specijalis i time po ko zna koji put van snage stavili opšti zakon. Kako ste onda glasali za leks specijalis Zorane Mihajlović i dali joj pravo direktne pogodbe? Stigne leks specijalis, donesite."
MirčićMilorad,"Mirčić, Milorad",Srpska radikalna stranka,M,1956,NEUTRALNO,"Zakonodavstvu Republike Srbije se nanosi tako što je ministarstvo, odnosno samim tim i Vlada predložila leks specijalis."
ŠarovićNemanja,"Šarović, Nemanja",Srpska radikalna stranka,M,1974,PROTIV,"Dakle, vi umesto da uredite sistem, da sistem kontrole javnih nabavki bude dobar i efikasan, a, vi posežete za leks specijalisom, ovo je leks specijalis, da bi ste pokušali da ispunite neku formu da bi vas ovi iz EU potapšali po ramenu i rekli – lepo je što ste sproveli tu krađu, ali sada ta krađa ima i nekakvu formu."
MirčićMilorad,"Mirčić, Milorad",Srpska radikalna stranka,M,1956,PROTIV,"Ako se ovako nastavi teško da će, pošto sad vidimo da se zbog leks specijalisa donosi čak i zakon da ovi koji će graditi puteve budu oslobođeni i carina i PDV i svega što će uvoziti na ime izgradnje puteva."
JovanovićNataša,"Jovanović, Nataša",Srpska radikalna stranka,F,1966,NEUTRALNO,"Tu nije bilo jasnog kriterijuma, ali hajde da uzmemo ove normalne ljude, da uzmemo ljude koji imaju poljoprivrednu penziju, koji imaju najniža primanja, koja su ispod 15.000 dinara ili ove takve koji su na ovoj granici do ovog lex specialisa koji ste doneli, a da im se umanji ili ne umanji penzija, kao što je slučaj moje majke, naših nekih komšija ili šireg kruga ljudi."
ŠešeljAleksandar,"Šešelj, Aleksandar",Srpska radikalna stranka,M,1993,NEUTRALNO,"Oni su godinu dana imali ovde prednost u odnosu na bilo koju drugu kompaniju pre nego što su dobili taj posao zvanično i to putem leks specijalisa o utvrđivanju javnog interesa, ako se ne varam."
MirčićMilorad,"Mirčić, Milorad",Srpska radikalna stranka,M,1956,NEUTRALNO,"Sa druge strane vlast u ovoj državi donosi leks specijalis da bi put koji se radi od Čačka do Pojata, radila američka kompanija. Interes države je tamo gde se donesu specijalni zakoni, leks specijalis, hoćemo tako da funkcionišemo?"
OgnjanovićOlivera,"Ognjanović, Olivera",Srpska napredna stranka,F,1969,ZA,"Takođe, zahvaljujući odluke Vlade Republike Srbije i predsednika Vučića rešeno je nasleđe velikog problema u Srbiji koji su predstavljali stambeni krediti u švajcarskim francima, za leks specijalis Zakon o švajcarcima i rešenje ovog problema država je izdvojila 11,7 milijardi dinara iz državnog budžeta da bi se bankama namirile obaveze 15.785 građana zaduženih u švajcarcima."
MacuraTatjana,"Macura, Tatjana",Dosta je bilo,F,1981,ZA,"Takođe, s obzirom da je ovaj zakona na snazi već punih 17 meseci, a da sam ja na ovaj problem ukazivala više od dve godine, postavlja se pitanje – na koji način ćemo mi, kao država, odgovoriti na to što su pojedine majke u Srbiji, već sada, strahovito oštećene primenom ovog lošeg zakona i da li je u planu da Skupština Republike Srbije u dogledno vreme usvoji nešto što bismo mogli da nazovemo leks specijalisom u smislu da se obeštete one porodilje koje su pretrpele loše efekte zbog primene ovako lošeg zakona?"
RadetaVjerica,"Radeta, Vjerica",Srpska radikalna stranka,F,1955,PROTIV,"Kada smo vam govorili o „Behtelu“ i o tome da će iz budžeta netragom nestati 300 miliona evra, vi ste čak i taj dan govorili da se ne zna ko će raditi deo auto-puta od Preljine do Pojata, negirali ste čak i da ste zakonom, tim lex specialis zapravo predvideli da je „Behtel“ jedini koji može konkurisati."
MiladinovićStefana,"Miladinović, Stefana",Socijalistička partija Srbije,F,1981,NEUTRALNO,"Ratifikovali smo Istambulsku konvenciju, među prvim, srpski parlament je među prvima u Evropi koji je ratifikovao Istambulsku konvenciju, nekoliko puta smo izvršili izmene i dopune Krivičnog zakonika, usvojili smo leks specijalis, poseban zakon o sprečavanju nasilja u porodici, Zakon o besplatnom pravnoj pomoći, kao i brojne nacionalne strategije."
JovanovićNataša,"Jovanović, Nataša",Srpska radikalna stranka,F,1966,PROTIV,"Ono što je trebalo time da se uradi kada je u pitanju ova pretplata, što se tiče RTS da tačno pogledate koliko je, jer oni mnogo para crpe iz budžeta, a to je neprimereno i taj „leks specijalis“ što je donet i sad sa ovom taksom od 255 dinara, da vi vidite lepo koji je to bezobrazluk i koliko se na objekte koji služe za ishranu, za čuvanje stoke i za druge namene poljoprivrednika naplaćuje taksa za RTS?"
ŠešeljVojislav,"Šešelj, Vojislav",Srpska radikalna stranka,M,1954,NEUTRALNO,"Prema tome, slažemo se da treba graditi, ali vi ste potpisali Memorandum o razumevanju pre zakona, pre zakona o izgradnji tog koridora i leks specijalis ste doneli. Taj leks specijalis je, zapravo, način sprovođenja Memoranduma o razumevanju."
ObradovićŽarko,"Obradović, Žarko",Socijalistička partija Srbije,M,1960,NEUTRALNO,Očigledno se želi doći do mandata u Narodnoj skupštini Republike Srbije bez izbora ili sa nekom dirigovanom odlukom ili sa nekim leks specijalisom.
ŠarovićNemanja,"Šarović, Nemanja",Srpska radikalna stranka,M,1974,PROTIV,"Sada kako to objasniti u kontekstu činjenice da je taj zakon doživeo izmene i dopune i da taj zakon nije bio dovoljno dobar, već ste morali, ko zna koliko puta, da pribegavate donošenju leks specijalisa da biste izvrdali odredbama toga zakona."
MirčićMilorad,"Mirčić, Milorad",Srpska radikalna stranka,M,1956,NEUTRALNO,"Nemojte slučajno da se poslužite ponovo sa oprobanim metodama kao što je bio „Behtel“, pa da i ovu deonicu od 30 km nacrtate u leks specijalisu, pa onda ispadne onda samo da je „Behtel“."
MiletićMilija,"Miletić, Milija",Ujedinjena seljačka stranka,M,1968,NEUTRALNO,"Još nešto oko toga što bih hteo da kažem i bitno je, pošto svi znamo i da naš predsednik Aleksandar Vučić je već rekao i najavio da će imati potrebe i obaveza je države da se u posebnim okruzima, regionima donesu određeni leks specijalis zakoni koji će dati mogućnost da se tu više stimuliše, da se više ulaže, da se oslobađaju poslodavci i da se poveća plata na taj način zaposlenim radnicima koji žive na takvim teritorijama, interesuje me da li se to priprema, da li Vlada to priprema, nadležna ministarstva?"
RadetaVjerica,"Radeta, Vjerica",Srpska radikalna stranka,F,1955,PROTIV,"Radili ste leks specijalis da bi Zorana Mihajlović i tadašnji američki ambasador uzeli iz budžeta 300 miliona evra. Radili ste leks specijalis da bi vam Zorana, da bi nam svima Zorana ukrala 300 miliona evra."
RadetaVjerica,"Radeta, Vjerica",Srpska radikalna stranka,F,1955,PROTIV,"Koliko god vama to smetalo, mi ćemo vas do besvesti podsećati da ste donosili zakon leks specijalis, poseban zakon, da biste omogućili da američka firma ""Behtel"" dobije poslove na gradnji auto-puta od Preljine do Pojata i da taj posao Srbiju košta 300 miliona evra više nego što taj posao zaista vredi."
RadetaVjerica,"Radeta, Vjerica",Srpska radikalna stranka,F,1955,PROTIV,"Dakle, kada smo govorili ovde o onom leks specijalisu na osnovu kojeg je „Behtel“ ukrao 300 miliona evra iz budžeta Republike Srbije upozoravali smo da ste loše predvideli postupak eksproprijacije, da ste ga predvideli suprotno Zakonu o eksproprijaciji. Niste, niti ćete ga rešiti, o tome smo vam govorili kad ste leks specijalis radili i nećete ga rešiti opet će ljudi biti oštećeni, zato što ste dozvolili da ona mafija, pesak mafija, koja je krala pesak na Moravi, koji je još vaš Velja Ilić formirao i lepo negovao još dok je bio vaš, dok vam je bio ministar."
MiletićMilija,"Miletić, Milija",Ujedinjena seljačka stranka,M,1968,NEUTRALNO,"Interesuje me još jedna stvar, a to je, pošto je gospodin Vučić rekao ranije da će imati mogućnost u nekom narednom periodu da Vlada, da Skupština izglasaju određene zakone koji će biti leks specijalis za potrebe nerazvijenih područja, nerazvijenih regiona, gde će tu imati mogućnost da se više ulažu sredstva i u infrastrukturu i u one potrebne stvari, kao što su zdravstvena zaštita, socijalna zaštita, poljoprivreda, privreda."
RadulovićSaša,"Radulović, Saša",Dosta je bilo,M,1965,PROTIV,"Što se tiče ovog leks specijalisa za ""Beograd na vodi"", ""Dosta je bilo"" predlaže da se taj leks specijalis ukine. Ovim leks specijalisom je potpuno zaobiđen Zakon o eksproprijaciji. Ovim zakonom, leks specijalisom, o „Beogradu na vodi“ potpuno je zaobiđen taj Zakon o eksproprijaciji i na mala vrata uvedeno da privatni investitor koji gradi „Beograd na vodi“ može da se osloni na tu eksproprijaciju i da dođe do zemljišta i istera privatne vlasnike."
PerićSreto,"Perić, Sreto",Srpska radikalna stranka,M,1959,NEUTRALNO,"Ni jedan ministar do sada, od kako je višestranačje u Srbije, nije predložio toliko posebnih ili leks specijalis zakona kao što ste vi."
RadetaVjerica,"Radeta, Vjerica",Srpska radikalna stranka,F,1955,PROTIV,"Ovo je zaista neverovatno, a posebno je problem što su posledice donošenja ovakvih zakona katastrofalne za sve ljude koji žive u Srbiji, a da ne kažem ovaj Zakon o posebnim postupcima radi realizacije projekata izgradnje i rekonstrukcije linijskih infrastrukturnih objekata, opet leks specijalis. Ovo je neverovatno i nije prvi put da mi, od Zorane Mihajlović, dobijamo, a vi to prihvatate i glasate za to, leks specijalis, kroz koji se, na jedan potpuno ne zakonit način tretira eksproprijacija zemljišta, kao da nemamo zakon o eksproprijaciji, a imamo. Kada su u pitanju ove eksproprijacije, koje su na dnevnom redu, jednom i od ovih zakona, a već su bili u dnevnom redu, onog leks specijalisa, onaj deo autoputa Preljina – Pojate, mi smo tada rekli šta će se desiti, kao posledica tako lošeg zakona, ali naravno niste nas slušali i posledice imamo sada na delu."
JovanovićNataša,"Jovanović, Nataša",Srpska radikalna stranka,F,1966,PROTIV,"Osim toga što je leks specijalis, ovo je zaista jedna papazjanija od zakona, jer odredbe Zakona o javnim nabavkama, o eksproprijaciji i mnogi drugi sadržani su u ovom tekstu koji ima ovako smešno napisane zakonske norme koji, kako reče kolega Savić, su i nespretno napisane u kondicionalu i zbog činjenice da se ovde sada otkriva ono što smo mi tvrdili."
MirčićMilorad,"Mirčić, Milorad",Srpska radikalna stranka,M,1956,PROTIV,"Ovde se odjednom napravio presek i sve po principu leks specijalisa, ubrzava se kada je u pitanju interes države ili projekti koji su od interesa države, onda se prvo gradi, a pravo žalbe na neadekvatnu nadoknadu koji su bili vlasnici pre izgradnje, odnosno eksproprijacije i to u modernoj demokratskoj Evropi, uvek će izazivati određenu rezervu."
MirčićMilorad,"Mirčić, Milorad",Srpska radikalna stranka,M,1956,NEUTRALNO,"Ovde se radi o specijalnom zakonu - lex specialis i sve ono što je bilo predviđeno javnim nabavkama, raspisivanjem konkursa, to je sad u direktnom dogovoru i zamislite kakav će to biti izazov za aktuelnog ministra kada je u pitanju ovakav način dogovaranja oko izvođenja određenih radova."
NikolićRužica,"Nikolić, Ružica",Srpska radikalna stranka,F,1976,PROTIV,"Naime, osnovni razlog za to je što je za nas poslanike SRS, neprihvatljivo da se donosi ovakav poseban zakon. Govorim o onom leks specijalisu koji ste usvojili i mi smo vam i tada ukazivali i govorili šta će se desiti kao posledica jednog lošeg zakona, pa ću vam ponoviti."
PerićSreto,"Perić, Sreto",Srpska radikalna stranka,M,1959,NEUTRALNO,"To je dobra slika, konkretnog ministra građevinarstva, zato što je, i prethodnih dana sam rekao, o tome je najviše zakona, leks specijalis, ili posebnih zakona doneto po njegovom predlogu ili predlogu Vlade, gde je ministar nadležan da obrazlaže te zakone."
RadetaVjerica,"Radeta, Vjerica",Srpska radikalna stranka,F,1955,PROTIV,"U normalnim i uređenim državama leks specijalisi su retkost i donose se zaista u izuzetnim nekim slučajevima koji nisu regulisani nijednim zakonom, a desi se nešto u državi što je od tolikog značaja da mora hitno zakonom da se reguliše. I takvih zakona leks specijalisa u normalnim i uređenim državama ima možda u 10, 20 godina jedva jedan, ako ima i toliko. Ovde je postala moda leks specijalis. Zato što je leks specijalis zakon najpogodniji za krađu, za izbegavanje javnih nabavki, za lopovluk svake vrste, za otimanje zemljišta. Leks specijalis za „Beograd na vodi“, leks specijalis za Preljina – Pojate, leks specijalis za sve buduće od metroa do ne znam ni ja, ako se ikada bude gradio ili ne znam da li je ovde ugrađena i ona karta Aje Jung za vožnju metroom."
RadetaVjerica,"Radeta, Vjerica",Srpska radikalna stranka,F,1955,PROTIV,"Dakle, kada god padne na pamet nekome ko će učestvovati u izradi nekih od ovih projekata, ne zna se kojih, utoliko možda neko može reći da ovo nije leks specijalis, jer se ne zna tačno na koje se radove i na koje se investicione radove odnosi, ali tim gore što se može pojaviti svaki čas negde neko ko će da kaže da je u pitanju hitnost, da je posebno ugrožena realizacija nekog projekta. Svi izveštaji ovde o kojima smo raspravljali su imali tu stavku i onda su vas naterali ovi vaši Evropljani da promenite taj zakon i sada donosite zakon leks specijalis koji će potpuno derogirati Zakon o javnim nabavkama."
SavićNikola,"Savić, Nikola",Srpska radikalna stranka,M,1959,NEUTRALNO,"Dame i gospodo narodni poslanici, moja koleginica Vjerica Radeta je sada ovde iznela jednu tezu da je ovo svojevrstan leks specijalis i ja njoj apsolutno verujem kao vrsnom pravniku. Ovo nije prvi leks specijalis koji donosimo u ovom parlamentu. Uglavnom ti zakoni koji nose indeks leks specijalis se odnose na ono ministarstvo kojem pripada i kojem predsedava Zorana Mihajlović."
JovanovićNataša,"Jovanović, Nataša",Srpska radikalna stranka,F,1966,NEUTRALNO,"Vi se verovatno povodite za onim što je nedavno bio predmet razmatranja u Narodnoj skupštini, a to je leks specijalis, poseban zakon za određene infrastrukturne objekte i mi smo rekli da Zakonom o eksproprijaciji mora da se uredi ta oblast, bilo da je to metro, da li je železnica, da li je bilo koja trasa."
JovanovićNeđo,"Jovanović, Neđo",Socijalistička partija Srbije,M,1962,ZA,"Ovde se postavlja pitanje koje ste vi, uvaženi ministre, postavili na samom početku u uvodnom izlaganju, da li je bilo potrebno donositi jedan poseban zakon imajući u vidu odredbe zakona koji su već na snazi? Mi socijalisti smatramo da zaista treba da postoji jedan poseban zakon i podržavamo što je predložen ovakav zakon iz jednostavnog razloga što bi u postojećem Zakonu o poreskom postupku i poreskoj administraciji imali situaciju nepotrebnog normiranja, nepotrebnih odredaba, zbunjujućih, nepreciznih, nejasnih i tako dalje, a u svakom slučaju ovde imamo nešto što je barem jedna vrsta iskoraka ili početni korak da se krajnje odlučno, krajnje principijelno i dosledno suprotstavimo najvećoj pošasti na svetu, a to je korupcija. Zašto nismo pristupili izmeni odredaba Krivičnog zakonika da bi imali situaciju koju treba da izbegnemo, a to je da se ovaj zakon pojavljuje kao leks specijalis u odnosu na Krivični zakon? institut lex specialis derogat legi generali, a ovaj zakon ne bi smeo da derogira Krivični zakonik kao opšti zakonik."
StevanovićAleksandar,"Stevanović, Aleksandar",Dosta je bilo,M,1976,NEUTRALNO,"Ono što je dugoročno bitno za Srbiju nije donošenje leks specijalisa koji se bave utvrđivanjem da je neko stekao bogami poveliku imovinu, a da to ne zna da objasni. Možemo mi doneti ovaj zakon, ali ako ne reformišemo sudstvo, bojim se da će tu biti klimavo i da ćemo više raditi po leks specijalisu koji može da obuhvati neke, nego što ćemo raditi po onome što je standardna praksa u svetu."
ŠarovićNemanja,"Šarović, Nemanja",Srpska radikalna stranka,M,1974,ZA,"Konvencije, preduzeti sve odgovarajuće mere po mogućstvu putem leks specijalisa, da osigura uspostavljanje mehanizma sa ciljem obezbeđenja pojedinačnog obeštećenja svim roditeljima u situaciji kao što je ova ili koja je dovoljno slična situaciji podnositeljke predstavke“."
GojkovićMaja,"Gojković, Maja",Srpska napredna stranka,F,1963,ZA,"Preporučeno je ovim izveštajem da se donese leks specijalis. Od 2006. godine nikome nije palo napamet da donese leks specijalis. Godine 2006. su njeni bili na vlasti, pa što nije držala konferencije za štampu i iznela neki leks specijalis koji bi usvajali, ne znam, Koštunica i Mirko Cvetković i Boris Tadić i svi oni u čije se ideje danas zaklinje. Žao mi je što nije tu da je pitam šta je ona lično učinila da se donese leks specijalis za vreme vlasti DS kojoj pripada, dušom i telom i glavom?"
ŠarovićNemanja,"Šarović, Nemanja",Srpska radikalna stranka,M,1974,ZA,"Oni u delu presude kojom obavezuju Republiku Srbiju da formira nezavisno telo, da reši problem na odgovarajući zakonski način, donošenjem leks specijalisa, upravo kažu da se mora pružiti odgovarajuća nadoknada prema svakom pojedinom slučaju."
DačićIvica,"Dačić, Ivica",Socijalistička partija Srbije,M,1966,ZA,"Kako da se odlože izbori na jesen, morao bi neki poseban zakon da se donese, leks specijalis, moralo bi da se produži vanredno stanje, i tako dalje."
VukadinovićĐorđe,"Vukadinović, Đorđe",Demokratska stranka Srbije,M,1962,ZA,"Mi smo usvojili razne leks specijalise u toku ovog našeg mandata i mislim da bi sasvim bilo logično, osnovano i ne bio nikakav skandal da se nekim leks specijalisom prosto da ljudima, građanima, pa nekim političkim subjektima rok za neki odisaj, za neko vraćanje u kakvu takvu normalu."
JovanovićNataša,"Jovanović, Nataša",Srpska radikalna stranka,F,1966,NEUTRALNO,"Što se tiče ove opaske, govorila sam o tome, gospodine Ružiću, zato se javio vaš kolega, Jovanović, da ćete preuzeti na sebe odgovornost, jer bez obzira na to što ste pribegli na ovakav način promeni overe potpisa, kako kaže Neđo Jovanović, leks specijalisom, postoji jedna procedura za koju će morati da odgovara svaka jedinica lokalne samouprave i vaše ministarstvo."
JovanovićNeđo,"Jovanović, Neđo",Socijalistička partija Srbije,M,1962,NEUTRALNO,Ovo su odredbe leks specijalis i one se kao leks specijalis primenjuju u odnosu na krovne zakone.
VukadinovićĐorđe,"Vukadinović, Đorđe",Demokratska stranka Srbije,M,1962,ZA,"Ja nisam za to da se nastavlja vanredno stanje, ja sam za to da se nekim leks specijalisom ta stvar premosti."
